{
  "question_count": 10,
  "metrics": {
    "total_time_ms": {
      "min": 2519.34,
      "max": 3558.2,
      "avg": 3002.151,
      "median": 3081.615,
      "p90": 3276.9
    },
    "load_time_ms": {
      "min": 2263.6,
      "max": 3054.91,
      "avg": 2444.903,
      "median": 2363.855,
      "p90": 2649.45
    },
    "prompt_eval_time_ms": {
      "min": 1611.15,
      "max": 2406.06,
      "avg": 1767.8049999999998,
      "median": 1699.27,
      "p90": 1799.74
    },
    "prompt_eval_tokens": {
      "min": 519.0,
      "max": 582.0,
      "avg": 555.0,
      "median": 565.0,
      "p90": 581.0
    },
    "prompt_tokens_per_sec": {
      "min": 238.9799090629494,
      "max": 345.17320933984143,
      "avg": 317.0135009534662,
      "median": 321.95416534011486,
      "p90": 333.2300950938895
    },
    "eval_time_ms": {
      "min": 137.15,
      "max": 877.64,
      "avg": 547.427,
      "median": 531.885,
      "p90": 868.4
    },
    "eval_tokens": {
      "min": 8.0,
      "max": 49.0,
      "avg": 29.6,
      "median": 30.5,
      "p90": 49.0
    },
    "eval_tokens_per_sec": {
      "min": 30.109598940142117,
      "max": 58.65577152565684,
      "avg": 54.16913286052848,
      "median": 56.2982337059194,
      "p90": 58.33029529711994
    },
    "total_tokens": {
      "min": 555.0,
      "max": 624.0,
      "avg": 584.6,
      "median": 589.5,
      "p90": 611.0
    },
    "throughput_tokens_per_sec": {
      "min": 165.81417570681808,
      "max": 233.7913898084419,
      "avg": 196.73791759338226,
      "median": 192.10593829619611,
      "p90": 232.2249511934001
    },
    "sampling_time_ms": {
      "min": 0.76,
      "max": 4.3,
      "avg": 2.343,
      "median": 2.29,
      "p90": 3.74
    },
    "sampling_runs": {
      "min": 556.0,
      "max": 625.0,
      "avg": 585.6,
      "median": 590.5,
      "p90": 612.0
    },
    "answer_length_chars": {
      "min": 4.0,
      "max": 221.0,
      "avg": 106.4,
      "median": 90.0,
      "p90": 201.0
    },
    "memory_usage_mb": {
      "min": 1431.1796875,
      "max": 1431.71875,
      "avg": 1431.4984375,
      "median": 1431.49609375,
      "p90": 1431.68359375
    },
    "memory_avg_mb": {
      "min": 1055.4970982142856,
      "max": 1217.182771381579,
      "avg": 1158.4227610667872,
      "median": 1163.429032639907,
      "p90": 1198.5542410714286
    },
    "memory_min_mb": {
      "min": 0.0078125,
      "max": 0.01171875,
      "avg": 0.008984375,
      "median": 0.0078125,
      "p90": 0.01171875
    },
    "memory_max_mb": {
      "min": 1431.1796875,
      "max": 1431.71875,
      "avg": 1431.4984375,
      "median": 1431.49609375,
      "p90": 1431.68359375
    },
    "graphs_reused": {
      "min": 7.0,
      "max": 48.0,
      "avg": 28.6,
      "median": 29.5,
      "p90": 48.0
    },
    "exact_match": {
      "min": 0.0,
      "max": 0.0,
      "avg": 0.0,
      "median": 0.0,
      "p90": 0.0
    },
    "f1": {
      "min": 0.2222222222222222,
      "max": 0.8333333333333333,
      "avg": 0.48260458357156466,
      "median": 0.4760522496371553,
      "p90": 0.7499999999999999
    },
    "carbon_emissions_kg": {
      "min": 1.420459306602659e-07,
      "max": 1.9273478170267165e-07,
      "avg": 1.6549922907406276e-07,
      "median": 1.7003483930348383e-07,
      "p90": 1.7754897338800618e-07
    }
  },
  "per_question": [
    {
      "id": 1,
      "total_time_ms": 3152.93,
      "load_time_ms": 2649.45,
      "prompt_eval_time_ms": 1686.11,
      "prompt_eval_tokens": 582,
      "eval_time_ms": 494.41,
      "eval_tokens": 29,
      "sampling_time_ms": 2.02,
      "sampling_runs": 612,
      "total_tokens": 611,
      "throughput_tokens_per_sec": 193.78800036791176,
      "memory_usage_mb": 1431.40234375,
      "memory_avg_mb": 1055.4970982142856,
      "memory_min_mb": 0.01171875,
      "memory_max_mb": 1431.40234375,
      "answer_length_chars": 94,
      "graphs_reused": 28,
      "exact_match": 0,
      "f1": 0.8333333333333333,
      "carbon_emissions_kg": 1.775360908058571e-07
    },
    {
      "id": 2,
      "total_time_ms": 2519.34,
      "load_time_ms": 2378.19,
      "prompt_eval_time_ms": 1743.54,
      "prompt_eval_tokens": 581,
      "eval_time_ms": 137.15,
      "eval_tokens": 8,
      "sampling_time_ms": 0.76,
      "sampling_runs": 590,
      "total_tokens": 589,
      "throughput_tokens_per_sec": 233.7913898084419,
      "memory_usage_mb": 1431.71875,
      "memory_avg_mb": 1140.900669642857,
      "memory_min_mb": 0.01171875,
      "memory_max_mb": 1431.71875,
      "answer_length_chars": 4,
      "graphs_reused": 7,
      "exact_match": 0,
      "f1": 0.33333333333333337,
      "carbon_emissions_kg": 1.420459306602659e-07
    },
    {
      "id": 3,
      "total_time_ms": 2540.64,
      "load_time_ms": 2381.95,
      "prompt_eval_time_ms": 1744.66,
      "prompt_eval_tokens": 581,
      "eval_time_ms": 154.61,
      "eval_tokens": 9,
      "sampling_time_ms": 0.8,
      "sampling_runs": 591,
      "total_tokens": 590,
      "throughput_tokens_per_sec": 232.2249511934001,
      "memory_usage_mb": 1431.50390625,
      "memory_avg_mb": 1129.606724330357,
      "memory_min_mb": 0.01171875,
      "memory_max_mb": 1431.50390625,
      "answer_length_chars": 5,
      "graphs_reused": 8,
      "exact_match": 0,
      "f1": 0.2222222222222222,
      "carbon_emissions_kg": 1.4228131767066156e-07
    },
    {
      "id": 4,
      "total_time_ms": 3227.68,
      "load_time_ms": 2343.75,
      "prompt_eval_time_ms": 1698.62,
      "prompt_eval_tokens": 555,
      "eval_time_ms": 868.4,
      "eval_tokens": 49,
      "sampling_time_ms": 3.74,
      "sampling_runs": 605,
      "total_tokens": 604,
      "throughput_tokens_per_sec": 187.1313141327517,
      "memory_usage_mb": 1431.46484375,
      "memory_avg_mb": 1196.081112132353,
      "memory_min_mb": 0.0078125,
      "memory_max_mb": 1431.46484375,
      "answer_length_chars": 186,
      "graphs_reused": 48,
      "exact_match": 0,
      "f1": 0.49056603773584906,
      "carbon_emissions_kg": 1.728730043228796e-07
    },
    {
      "id": 5,
      "total_time_ms": 3276.9,
      "load_time_ms": 2443.12,
      "prompt_eval_time_ms": 1799.74,
      "prompt_eval_tokens": 578,
      "eval_time_ms": 818.93,
      "eval_tokens": 46,
      "sampling_time_ms": 3.48,
      "sampling_runs": 625,
      "total_tokens": 624,
      "throughput_tokens_per_sec": 190.42387622448047,
      "memory_usage_mb": 1431.68359375,
      "memory_avg_mb": 1198.5542410714286,
      "memory_min_mb": 0.0078125,
      "memory_max_mb": 1431.68359375,
      "answer_length_chars": 201,
      "graphs_reused": 45,
      "exact_match": 0,
      "f1": 0.509090909090909,
      "carbon_emissions_kg": 1.7754897338800618e-07
    },
    {
      "id": 6,
      "total_time_ms": 2862.43,
      "load_time_ms": 2286.57,
      "prompt_eval_time_ms": 1639.81,
      "prompt_eval_tokens": 523,
      "eval_time_ms": 565.59,
      "eval_tokens": 32,
      "sampling_time_ms": 2.56,
      "sampling_runs": 556,
      "total_tokens": 555,
      "throughput_tokens_per_sec": 193.89120432639402,
      "memory_usage_mb": 1431.640625,
      "memory_avg_mb": 1156.1483114919354,
      "memory_min_mb": 0.0078125,
      "memory_max_mb": 1431.640625,
      "answer_length_chars": 86,
      "graphs_reused": 31,
      "exact_match": 0,
      "f1": 0.3125,
      "carbon_emissions_kg": 1.5743402793751486e-07
    },
    {
      "id": 7,
      "total_time_ms": 3157.56,
      "load_time_ms": 2263.6,
      "prompt_eval_time_ms": 1611.15,
      "prompt_eval_tokens": 520,
      "eval_time_ms": 877.64,
      "eval_tokens": 49,
      "sampling_time_ms": 4.3,
      "sampling_runs": 570,
      "total_tokens": 569,
      "throughput_tokens_per_sec": 180.2024347914212,
      "memory_usage_mb": 1431.48828125,
      "memory_avg_mb": 1178.3716681985295,
      "memory_min_mb": 0.0078125,
      "memory_max_mb": 1431.48828125,
      "answer_length_chars": 221,