{
  "question_count": 10,
  "metrics": {
    "total_time_ms": {
      "min": 17874.51,
      "max": 22990.03,
      "avg": 19895.101000000002,
      "median": 19798.690000000002,
      "p90": 21644.29
    },
    "load_time_ms": {
      "min": 16169.27,
      "max": 18715.56,
      "avg": 17363.729,
      "median": 17254.91,
      "p90": 18490.55
    },
    "prompt_eval_time_ms": {
      "min": 15516.37,
      "max": 18045.64,
      "avg": 16640.146,
      "median": 16399.46,
      "p90": 17859.07
    },
    "prompt_eval_tokens": {
      "min": 504.0,
      "max": 589.0,
      "avg": 549.9,
      "median": 564.0,
      "p90": 583.0
    },
    "prompt_tokens_per_sec": {
      "min": 31.919067431246553,
      "max": 36.593561422702244,
      "avg": 33.05862107547106,
      "median": 32.555442619036796,
      "p90": 33.959061564924426
    },
    "eval_time_ms": {
      "min": 1428.74,
      "max": 4599.83,
      "avg": 2510.69,
      "median": 1975.99,
      "p90": 4414.27
    },
    "eval_tokens": {
      "min": 21.0,
      "max": 66.0,
      "avg": 36.8,
      "median": 29.5,
      "p90": 64.0
    },
    "eval_tokens_per_sec": {
      "min": 14.348356352299977,
      "max": 16.210179993035627,
      "avg": 14.768258433988919,
      "median": 14.486199615160725,
      "p90": 15.451915238252548
    },
    "total_tokens": {
      "min": 534.0,
      "max": 644.0,
      "avg": 586.7,
      "median": 603.5,
      "p90": 616.0
    },
    "throughput_tokens_per_sec": {
      "min": 28.01214265488127,
      "max": 32.01047922003941,
      "avg": 29.531231903474144,
      "median": 29.22803490544478,
      "p90": 31.030171264236103
    },
    "sampling_time_ms": {
      "min": 4.29,
      "max": 13.55,
      "avg": 7.308,
      "median": 5.755000000000001,
      "p90": 12.52
    },
    "sampling_runs": {
      "min": 535.0,
      "max": 645.0,
      "avg": 587.7,
      "median": 604.5,
      "p90": 617.0
    },
    "answer_length_chars": {
      "min": 43.0,
      "max": 293.0,
      "avg": 133.4,
      "median": 91.5,
      "p90": 234.0
    },
    "memory_usage_mb": {
      "min": 2725.984375,
      "max": 2726.79296875,
      "avg": 2726.519140625,
      "median": 2726.58203125,
      "p90": 2726.78125
    },
    "memory_avg_mb": {
      "min": 2547.806754298942,
      "max": 2629.8135719476745,
      "avg": 2612.3209115258787,
      "median": 2617.9430599944762,
      "p90": 2629.0945517194323
    },
    "memory_min_mb": {
      "min": 0.0078125,
      "max": 0.01171875,
      "avg": 0.008984375,
      "median": 0.0078125,
      "p90": 0.01171875
    },
    "memory_max_mb": {
      "min": 2725.984375,
      "max": 2726.79296875,
      "avg": 2726.519140625,
      "median": 2726.58203125,
      "p90": 2726.78125
    },
    "graphs_reused": {
      "min": 21.0,
      "max": 65.0,
      "avg": 35.7,
      "median": 28.5,
      "p90": 63.0
    },
    "exact_match": {
      "min": 0.0,
      "max": 0.0,
      "avg": 0.0,
      "median": 0.0,
      "p90": 0.0
    },
    "f1": {
      "min": 0.4090909090909091,
      "max": 0.8333333333333333,
      "avg": 0.5810474479457237,
      "median": 0.5527272727272727,
      "p90": 0.7826086956521738
    },
    "carbon_emissions_kg": {
      "min": 9.047215461296735e-07,
      "max": 1.1629923403354292e-06,
      "avg": 1.005528849721649e-06,
      "median": 9.99765863678634e-07,
      "p90": 1.0920489925330922e-06
    }
  },
  "per_question": [
    {
      "id": 1,
      "total_time_ms": 18993.78,
      "load_time_ms": 17314.1,
      "prompt_eval_time_ms": 15877.11,
      "prompt_eval_tokens": 581,
      "eval_time_ms": 1665.62,
      "eval_tokens": 27,
      "sampling_time_ms": 4.54,
      "sampling_runs": 609,
      "total_tokens": 608,
      "throughput_tokens_per_sec": 32.01047922003941,
      "memory_usage_mb": 2726.68359375,
      "memory_avg_mb": 2547.806754298942,
      "memory_min_mb": 0.0078125,
      "memory_max_mb": 2726.68359375,
      "answer_length_chars": 94,
      "graphs_reused": 26,
      "exact_match": 0,
      "f1": 0.8333333333333333,
      "carbon_emissions_kg": 9.59824963195043e-07
    },
    {
      "id": 2,
      "total_time_ms": 19722.74,
      "load_time_ms": 17830.48,
      "prompt_eval_time_ms": 17167.73,
      "prompt_eval_tokens": 583,
      "eval_time_ms": 1876.79,
      "eval_tokens": 29,
      "sampling_time_ms": 5.23,
      "sampling_runs": 613,
      "total_tokens": 612,
      "throughput_tokens_per_sec": 31.030171264236103,
      "memory_usage_mb": 2726.55859375,
      "memory_avg_mb": 2620.693439094388,
      "memory_min_mb": 0.0078125,
      "memory_max_mb": 2726.55859375,
      "answer_length_chars": 57,
      "graphs_reused": 28,
      "exact_match": 0,
      "f1": 0.56,
      "carbon_emissions_kg": 9.95213656034227e-07
    },
    {
      "id": 3,
      "total_time_ms": 20070.73,
      "load_time_ms": 18490.55,
      "prompt_eval_time_ms": 17859.07,
      "prompt_eval_tokens": 589,
      "eval_time_ms": 1566.99,
      "eval_tokens": 23,
      "sampling_time_ms": 4.29,
      "sampling_runs": 613,
      "total_tokens": 612,
      "throughput_tokens_per_sec": 30.492164460385844,
      "memory_usage_mb": 2726.40234375,
      "memory_avg_mb": 2619.29365234375,
      "memory_min_mb": 0.01171875,
      "memory_max_mb": 2726.40234375,
      "answer_length_chars": 88,
      "graphs_reused": 22,
      "exact_match": 0,
      "f1": 0.5806451612903225,
      "carbon_emissions_kg": 1.0163782688649662e-06
    },
    {
      "id": 4,
      "total_time_ms": 21644.29,
      "load_time_ms": 17195.72,
      "prompt_eval_time_ms": 16566.77,
      "prompt_eval_tokens": 552,
      "eval_time_ms": 4414.27,
      "eval_tokens": 64,
      "sampling_time_ms": 12.52,
      "sampling_runs": 617,
      "total_tokens": 616,
      "throughput_tokens_per_sec": 28.460162010396274,
      "memory_usage_mb": 2726.79296875,
      "memory_avg_mb": 2629.8135719476745,
      "memory_min_mb": 0.01171875,
      "memory_max_mb": 2726.79296875,
      "answer_length_chars": 226,
      "graphs_reused": 63,
      "exact_match": 0,
      "f1": 0.5454545454545455,
      "carbon_emissions_kg": 1.0920489925330922e-06
    },
    {
      "id": 5,
      "total_time_ms": 22990.03,
      "load_time_ms": 18353.7,
      "prompt_eval_time_ms": 17714.27,
      "prompt_eval_tokens": 578,
      "eval_time_ms": 4599.83,
      "eval_tokens": 66,
      "sampling_time_ms": 13.55,
      "sampling_runs": 645,
      "total_tokens": 644,
      "throughput_tokens_per_sec": 28.01214265488127,
      "memory_usage_mb": 2726.62109375,
      "memory_avg_mb": 2629.0945517194323,
      "memory_min_mb": 0.0078125,
      "memory_max_mb": 2726.62109375,
      "answer_length_chars": 293,
      "graphs_reused": 65,
      "exact_match": 0,
      "f1": 0.5294117647058824,
      "carbon_emissions_kg": 1.1629923403354292e-06
    },
    {
      "id": 6,
      "total_time_ms": 17874.51,
      "load_time_ms": 16433.58,
      "prompt_eval_time_ms": 15806.24,
      "prompt_eval_tokens": 513,
      "eval_time_ms": 1428.74,
      "eval_tokens": 21,
      "sampling_time_ms": 4.29,
      "sampling_runs": 535,
      "total_tokens": 534,
      "throughput_tokens_per_sec": 29.874944823662304,
      "memory_usage_mb": 2726.78125,
      "memory_avg_mb": 2609.6211595856744,
      "memory_min_mb": 0.0078125,
      "memory_max_mb": 2726.78125,
      "answer_length_chars": 43,
      "graphs_reused": 21,
      "exact_match": 0,
      "f1": 0.5,
      "carbon_emissions_kg": 9.047215461296735e-07
    },
    {
      "id": 7,
      "total_time_ms": 19874.64,
      "load_time_ms": 16169.27,
      "prompt_eval_time_ms": 15516.37,
      "prompt_eval_tokens": 504,
      "eval_time_ms": 3675.42,
      "eval_tokens": 53,
      "sampling_time_ms": 11.0,
      "sampling_runs": 558,
      "total_tokens": 557,
      "throughput_tokens_per_sec": 28.025664867388794,
      "memory_usage_mb": 2726.21484375,
      "memory_avg_mb": 2616.592467645202,
      "memory_min_mb": 0.0078125,