{
  "question_count": 10,
  "metrics": {
    "total_time_ms": {
      "min": 12117.02,
      "max": 17640.95,
      "avg": 15103.391999999998,
      "median": 14532.595000000001,
      "p90": 17553.42
    },
    "load_time_ms": {
      "min": 7644.45,
      "max": 9259.99,
      "avg": 8499.544,
      "median": 8563.435000000001,
      "p90": 8925.4
    },
    "prompt_eval_time_ms": {
      "min": 7106.04,
      "max": 8723.12,
      "avg": 7919.2919999999995,
      "median": 7883.135,
      "p90": 8313.55
    },
    "prompt_eval_tokens": {
      "min": 504.0,
      "max": 612.0,
      "avg": 562.5,
      "median": 580.5,
      "p90": 598.0
    },
    "prompt_tokens_per_sec": {
      "min": 61.34894795665484,
      "max": 76.20277852945232,
      "avg": 71.08757990110247,
      "median": 71.68671078615367,
      "p90": 75.39167741439326
    },
    "eval_time_ms": {
      "min": 3729.66,
      "max": 8717.34,
      "avg": 6526.819,
      "median": 6538.59,
      "p90": 8668.8
    },
    "eval_tokens": {
      "min": 121.0,
      "max": 255.0,
      "avg": 195.5,
      "median": 193.0,
      "p90": 254.0
    },
    "eval_tokens_per_sec": {
      "min": 28.64048416673686,
      "max": 33.877618264212934,
      "avg": 30.268337397419202,
      "median": 29.59630272097099,
      "p90": 32.44263552173657
    },
    "total_tokens": {
      "min": 677.0,
      "max": 850.0,
      "avg": 758.0,
      "median": 751.5,
      "p90": 825.0
    },
    "throughput_tokens_per_sec": {
      "min": 43.2394371011461,
      "max": 59.25549351243127,
      "avg": 50.65595964118869,
      "median": 49.525725307528106,
      "p90": 56.0063835232833
    },
    "sampling_time_ms": {
      "min": 12.71,
      "max": 32.69,
      "avg": 23.954,
      "median": 24.635,
      "p90": 31.81
    },
    "sampling_runs": {
      "min": 678.0,
      "max": 851.0,
      "avg": 759.0,
      "median": 752.5,
      "p90": 826.0
    },
    "answer_length_chars": {
      "min": 18.0,
      "max": 262.0,
      "avg": 128.0,
      "median": 108.5,
      "p90": 204.0
    },
    "memory_usage_mb": {
      "min": 1551.71875,
      "max": 1552.59375,
      "avg": 1552.326171875,
      "median": 1552.421875,
      "p90": 1552.546875
    },
    "memory_avg_mb": {
      "min": 1457.9820253759399,
      "max": 1509.805193014706,
      "avg": 1496.9818351740448,
      "median": 1500.8163985135275,
      "p90": 1505.5856711647727
    },
    "memory_min_mb": {
      "min": 0.0078125,
      "max": 0.01171875,
      "avg": 0.00859375,
      "median": 0.0078125,
      "p90": 0.01171875
    },
    "memory_max_mb": {
      "min": 1551.71875,
      "max": 1552.59375,
      "avg": 1552.326171875,
      "median": 1552.421875,
      "p90": 1552.546875
    },
    "graphs_reused": {
      "min": 120.0,
      "max": 253.0,
      "avg": 193.9,
      "median": 191.5,
      "p90": 252.0
    },
    "exact_match": {
      "min": 0.0,
      "max": 0.0,
      "avg": 0.0,
      "median": 0.0,
      "p90": 0.0
    },
    "f1": {
      "min": 0.23255813953488375,
      "max": 0.8235294117647058,
      "avg": 0.5061255987619591,
      "median": 0.4952380952380952,
      "p90": 0.7333333333333334
    },
    "carbon_emissions_kg": {
      "min": 6.140801149091405e-07,
      "max": 8.924213487335404e-07,
      "avg": 7.650220734052358e-07,
      "median": 7.355773464578092e-07,
      "p90": 8.877928980362113e-07
    }
  },
  "per_question": [
    {
      "id": 1,
      "total_time_ms": 13284.2,
      "load_time_ms": 8925.4,
      "prompt_eval_time_ms": 7931.91,
      "prompt_eval_tokens": 598,
      "eval_time_ms": 4309.63,
      "eval_tokens": 146,
      "sampling_time_ms": 14.23,
      "sampling_runs": 745,
      "total_tokens": 744,
      "throughput_tokens_per_sec": 56.0063835232833,
      "memory_usage_mb": 1552.40625,
      "memory_avg_mb": 1457.9820253759399,
      "memory_min_mb": 0.0078125,
      "memory_max_mb": 1552.40625,
      "answer_length_chars": 59,
      "graphs_reused": 145,
      "exact_match": 0,
      "f1": 0.7333333333333334,
      "carbon_emissions_kg": 6.743820064352759e-07
    },
    {
      "id": 2,
      "total_time_ms": 12117.02,
      "load_time_ms": 8344.52,
      "prompt_eval_time_ms": 7834.36,
      "prompt_eval_tokens": 597,
      "eval_time_ms": 3729.66,
      "eval_tokens": 121,
      "sampling_time_ms": 12.71,
      "sampling_runs": 719,
      "total_tokens": 718,
      "throughput_tokens_per_sec": 59.25549351243127,
      "memory_usage_mb": 1552.546875,
      "memory_avg_mb": 1498.1725529442149,
      "memory_min_mb": 0.0078125,
      "memory_max_mb": 1552.546875,
      "answer_length_chars": 18,
      "graphs_reused": 120,
      "exact_match": 0,
      "f1": 0.5333333333333333,
      "carbon_emissions_kg": 6.140801149091405e-07
    },
    {
      "id": 3,
      "total_time_ms": 14351.44,
      "load_time_ms": 8835.14,
      "prompt_eval_time_ms": 8313.55,
      "prompt_eval_tokens": 612,
      "eval_time_ms": 5453.69,
      "eval_tokens": 170,
      "sampling_time_ms": 19.07,
      "sampling_runs": 783,
      "total_tokens": 782,
      "throughput_tokens_per_sec": 54.489305602782714,
      "memory_usage_mb": 1552.32421875,
      "memory_avg_mb": 1504.6506228146852,
      "memory_min_mb": 0.0078125,
      "memory_max_mb": 1552.32421875,
      "answer_length_chars": 110,
      "graphs_reused": 168,
      "exact_match": 0,
      "f1": 0.625,
      "carbon_emissions_kg": 7.257652777804575e-07
    },
    {
      "id": 4,
      "total_time_ms": 16914.85,
      "load_time_ms": 8321.52,
      "prompt_eval_time_ms": 7795.18,
      "prompt_eval_tokens": 570,
      "eval_time_ms": 8493.44,
      "eval_tokens": 255,
      "sampling_time_ms": 30.79,
      "sampling_runs": 826,
      "total_tokens": 825,
      "throughput_tokens_per_sec": 48.77371067434829,
      "memory_usage_mb": 1552.3984375,
      "memory_avg_mb": 1503.4602440828403,
      "memory_min_mb": 0.01171875,
      "memory_max_mb": 1552.3984375,
      "answer_length_chars": 262,
      "graphs_reused": 253,
      "exact_match": 0,
      "f1": 0.36065573770491804,
      "carbon_emissions_kg": 8.574890820085818e-07
    },
    {
      "id": 5,
      "total_time_ms": 17640.95,
      "load_time_ms": 8821.56,
      "prompt_eval_time_ms": 8288.7,
      "prompt_eval_tokens": 596,
      "eval_time_ms": 8717.34,
      "eval_tokens": 254,
      "sampling_time_ms": 31.81,
      "sampling_runs": 851,
      "total_tokens": 850,
      "throughput_tokens_per_sec": 48.18334613498706,
      "memory_usage_mb": 1552.50390625,
      "memory_avg_mb": 1505.5856711647727,
      "memory_min_mb": 0.01171875,
      "memory_max_mb": 1552.50390625,
      "answer_length_chars": 204,
      "graphs_reused": 252,
      "exact_match": 0,
      "f1": 0.5818181818181819,
      "carbon_emissions_kg": 8.924213487335404e-07
    },
    {
      "id": 6,
      "total_time_ms": 14022.11,
      "load_time_ms": 7855.41,
      "prompt_eval_time_ms": 7317.93,
      "prompt_eval_tokens": 523,
      "eval_time_ms": 6088.56,
      "eval_tokens": 182,
      "sampling_time_ms": 23.01,
      "sampling_runs": 706,
      "total_tokens": 705,
      "throughput_tokens_per_sec": 50.27773994070792,
      "memory_usage_mb": 1552.4375,
      "memory_avg_mb": 1497.2278738839286,
      "memory_min_mb": 0.0078125,
      "memory_max_mb": 1552.4375,
      "answer_length_chars": 107,
      "graphs_reused": 181,
      "exact_match": 0,
      "f1": 0.3225806451612903,
      "carbon_emissions_kg": 7.104487216468785e-07
    },
    {
      "id": 7,
      "total_time_ms": 17553.42,
      "load_time_ms": 8782.35,
      "prompt_eval_time_ms": 8231.6,
      "prompt_eval_tokens": 505,
      "eval_time_ms": 8668.8,
      "eval_tokens": 254,
      "sampling_time_ms": 32.69,
      "sampling_runs": 760,
      "total_tokens": 759,
      "throughput_tokens_per_sec": 43.2394371011461,
      "memory_usage_mb": 1551.71875,
      "memory_avg_mb": 1504.8681473214285,
      "memory_min_mb": 0.0078125,