{
  "question_count": 10,
  "metrics": {
    "total_time_ms": {
      "min": 973.6,
      "max": 2792.4,
      "avg": 2486.745,
      "median": 2633.45,
      "p90": 2733.26
    },
    "load_time_ms": {
      "min": 812.72,
      "max": 1085.05,
      "avg": 889.2639999999999,
      "median": 863.765,
      "p90": 955.31
    },
    "prompt_eval_time_ms": {
      "min": 305.49,
      "max": 612.33,
      "avg": 356.852,
      "median": 329.53,
      "p90": 356.38
    },
    "prompt_eval_tokens": {
      "min": 504.0,
      "max": 589.0,
      "avg": 549.9,
      "median": 564.0,
      "p90": 583.0
    },
    "prompt_tokens_per_sec": {
      "min": 952.1009912955432,
      "max": 1757.3576116874867,
      "avg": 1591.67902580483,
      "median": 1649.2759896411571,
      "p90": 1703.5430224150398
    },
    "eval_time_ms": {
      "min": 126.53,
      "max": 1708.65,
      "avg": 1503.8,
      "median": 1661.065,
      "p90": 1691.26
    },
    "eval_tokens": {
      "min": 19.0,
      "max": 255.0,
      "avg": 231.4,
      "median": 255.0,
      "p90": 255.0
    },
    "eval_tokens_per_sec": {
      "min": 149.24062856641208,
      "max": 162.09928104201234,
      "avg": 153.61573472829392,
      "median": 152.59719727807686,
      "p90": 158.35951958068884
    },
    "total_tokens": {
      "min": 538.0,
      "max": 844.0,
      "avg": 781.3,
      "median": 819.0,
      "p90": 838.0
    },
    "throughput_tokens_per_sec": {
      "min": 288.34208996729086,
      "max": 552.5883319638455,
      "avg": 329.3013551279129,
      "median": 307.43214104742754,
      "p90": 320.35101969551465
    },
    "sampling_time_ms": {
      "min": 2.59,
      "max": 42.06,
      "avg": 34.043,
      "median": 37.325,
      "p90": 41.43
    },
    "sampling_runs": {
      "min": 539.0,
      "max": 845.0,
      "avg": 782.3,
      "median": 820.0,
      "p90": 839.0
    },
    "answer_length_chars": {
      "min": 1742.0,
      "max": 2485.0,
      "avg": 2217.2,
      "median": 2161.5,
      "p90": 2485.0
    },
    "memory_usage_mb": {
      "min": 376.25390625,
      "max": 376.94921875,
      "avg": 376.676171875,
      "median": 376.7734375,
      "p90": 376.91796875
    },
    "memory_avg_mb": {
      "min": 195.12858072916666,
      "max": 298.5220424107143,
      "avg": 280.46210809215927,
      "median": 288.79397898706895,
      "p90": 298.34347098214283
    },
    "memory_min_mb": {
      "min": 0.0078125,
      "max": 0.01171875,
      "avg": 0.00859375,
      "median": 0.0078125,
      "p90": 0.01171875
    },
    "memory_max_mb": {
      "min": 376.25390625,
      "max": 376.94921875,
      "avg": 376.676171875,
      "median": 376.7734375,
      "p90": 376.91796875
    },
    "graphs_reused": {
      "min": 18.0,
      "max": 255.0,
      "avg": 229.7,
      "median": 253.0,
      "p90": 253.0
    },
    "exact_match": {
      "min": 0.0,
      "max": 0.0,
      "avg": 0.0,
      "median": 0.0,
      "p90": 0.0
    },
    "f1": {
      "min": 0.04294478527607362,
      "max": 0.1288515406162465,
      "avg": 0.08482654060927272,
      "median": 0.08596713021491784,
      "p90": 0.11275964391691394
    }
  },
  "per_question": [
    {
      "id": 1,
      "total_time_ms": 2619.17,
      "load_time_ms": 955.31,
      "prompt_eval_time_ms": 330.61,
      "prompt_eval_tokens": 581,
      "eval_time_ms": 1573.11,
      "eval_tokens": 255,
      "sampling_time_ms": 30.85,
      "sampling_runs": 837,
      "total_tokens": 836,
      "throughput_tokens_per_sec": 319.1850853514663,
      "memory_usage_mb": 376.88671875,
      "memory_avg_mb": 283.7548828125,
      "memory_min_mb": 0.0078125,
      "memory_max_mb": 376.88671875,
      "answer_length_chars": 2479,
      "graphs_reused": 253,
      "exact_match": 0,
      "f1": 0.10495626822157435,
      "carbon_emissions_kg": null
    },
    {
      "id": 2,
      "total_time_ms": 2792.4,
      "load_time_ms": 1085.05,
      "prompt_eval_time_ms": 612.33,
      "prompt_eval_tokens": 583,
      "eval_time_ms": 1610.26,
      "eval_tokens": 255,
      "sampling_time_ms": 34.1,
      "sampling_runs": 839,
      "total_tokens": 838,
      "throughput_tokens_per_sec": 300.10027216731123,
      "memory_usage_mb": 376.546875,
      "memory_avg_mb": 295.81861979166666,
      "memory_min_mb": 0.01171875,
      "memory_max_mb": 376.546875,
      "answer_length_chars": 2125,
      "graphs_reused": 253,
      "exact_match": 0,
      "f1": 0.04848484848484849,
      "carbon_emissions_kg": null
    },
    {
      "id": 3,
      "total_time_ms": 2634.61,
      "load_time_ms": 881.15,
      "prompt_eval_time_ms": 345.75,
      "prompt_eval_tokens": 589,
      "eval_time_ms": 1653.62,
      "eval_tokens": 255,
      "sampling_time_ms": 35.86,
      "sampling_runs": 845,
      "total_tokens": 844,
      "throughput_tokens_per_sec": 320.35101969551465,
      "memory_usage_mb": 376.94921875,
      "memory_avg_mb": 288.2293911637931,
      "memory_min_mb": 0.0078125,
      "memory_max_mb": 376.94921875,
      "answer_length_chars": 2241,
      "graphs_reused": 253,
      "exact_match": 0,
      "f1": 0.07669616519174041,
      "carbon_emissions_kg": null
    },
    {
      "id": 4,
      "total_time_ms": 2596.26,
      "load_time_ms": 847.72,
      "prompt_eval_time_ms": 328.45,
      "prompt_eval_tokens": 552,
      "eval_time_ms": 1648.08,
      "eval_tokens": 255,
      "sampling_time_ms": 36.16,
      "sampling_runs": 808,
      "total_tokens": 807,
      "throughput_tokens_per_sec": 310.83173488017377,
      "memory_usage_mb": 376.765625,
      "memory_avg_mb": 298.5220424107143,
      "memory_min_mb": 0.0078125,
      "memory_max_mb": 376.765625,
      "answer_length_chars": 2485,
      "graphs_reused": 253,
      "exact_match": 0,
      "f1": 0.11275964391691394,
      "carbon_emissions_kg": null
    },
    {
      "id": 5,
      "total_time_ms": 2659.33,
      "load_time_ms": 867.41,
      "prompt_eval_time_ms": 350.57,
      "prompt_eval_tokens": 578,
      "eval_time_ms": 1684.35,
      "eval_tokens": 255,
      "sampling_time_ms": 38.98,
      "sampling_runs": 834,
      "total_tokens": 833,
      "throughput_tokens_per_sec": 313.2367927259874,
      "memory_usage_mb": 376.80859375,
      "memory_avg_mb": 289.3585668103448,
      "memory_min_mb": 0.0078125,
      "memory_max_mb": 376.80859375,
      "answer_length_chars": 2485,
      "graphs_reused": 253,
      "exact_match": 0,
      "f1": 0.1288515406162465,
      "carbon_emissions_kg": null
    },
    {
      "id": 6,
      "total_time_ms": 2637.8,
      "load_time_ms": 860.12,
      "prompt_eval_time_ms": 310.0,
      "prompt_eval_tokens": 513,
      "eval_time_ms": 1673.63,
      "eval_tokens": 255,
      "sampling_time_ms": 38.49,
      "sampling_runs": 769,
      "total_tokens": 768,
      "throughput_tokens_per_sec": 291.1517173402077,
      "memory_usage_mb": 376.91796875,
      "memory_avg_mb": 282.75821659482756,
      "memory_min_mb": 0.0078125,
      "memory_max_mb": 376.91796875,
      "answer_length_chars": 2142,
      "graphs_reused": 255,
      "exact_match": 0,
      "f1": 0.07384615384615384,
      "carbon_emissions_kg": null
    },
    {
      "id": 7,
      "total_time_ms": 2588.73,
      "load_time_ms": 812.72,
      "prompt_eval_time_ms": 307.87,
      "prompt_eval_tokens": 504,
      "eval_time_ms": 1668.51,
      "eval_tokens": 255,
      "sampling_time_ms": 39.91,
      "sampling_runs": 760,
      "total_tokens": 759,
      "throughput_tokens_per_sec": 293.1939599726507,
      "memory_usage_mb": 376.25390625,
      "memory_avg_mb": 298.34347098214283,
      "memory_min_mb": 0.0078125,
      "memory_max_mb": 376.25390625,
      "answer_length_chars": 2173,
      "graphs_reused": 253,
      "exact_match": 0,
      "f1": 0.09552238805970148,
      "carbon_emissions_kg": null
    },
    {
      "id": 8,
      "total_time_ms": 2632.29,
      "load_time_ms": 831.16,
      "prompt_eval_time_ms": 305.49,
      "prompt_eval_tokens": 504,