{
  "question_count": 10,
  "metrics": {
    "total_time_ms": {
      "min": 12506.04,
      "max": 18812.47,
      "avg": 15847.054999999998,
      "median": 15395.105,
      "p90": 18451.84
    },
    "load_time_ms": {
      "min": 8199.73,
      "max": 9991.33,
      "avg": 8922.47,
      "median": 8846.145,
      "p90": 9502.41
    },
    "prompt_eval_time_ms": {
      "min": 7232.9,
      "max": 9336.35,
      "avg": 8268.133,
      "median": 8228.22,
      "p90": 8820.57
    },
    "prompt_eval_tokens": {
      "min": 504.0,
      "max": 612.0,
      "avg": 562.5,
      "median": 580.5,
      "p90": 598.0
    },
    "prompt_tokens_per_sec": {
      "min": 57.25253583385201,
      "max": 82.67776410568375,
      "avg": 68.32872205009998,
      "median": 67.94154680407337,
      "p90": 73.76954985746536
    },
    "eval_time_ms": {
      "min": 3809.45,
      "max": 9204.66,
      "avg": 6845.164999999999,
      "median": 6972.175,
      "p90": 8998.51
    },
    "eval_tokens": {
      "min": 121.0,
      "max": 255.0,
      "avg": 195.5,
      "median": 193.0,
      "p90": 254.0
    },
    "eval_tokens_per_sec": {
      "min": 26.418436960947332,
      "max": 33.890515066190964,
      "avg": 28.980678972208544,
      "median": 28.16919492682116,
      "p90": 31.763115410361078
    },
    "total_tokens": {
      "min": 677.0,
      "max": 850.0,
      "avg": 758.0,
      "median": 751.5,
      "p90": 825.0
    },
    "throughput_tokens_per_sec": {
      "min": 40.34557928863142,
      "max": 59.250481410161456,
      "avg": 48.52869845588099,
      "median": 46.81691770980709,
      "p90": 57.41225839674269
    },
    "sampling_time_ms": {
      "min": 13.15,
      "max": 35.46,
      "avg": 25.883999999999997,
      "median": 27.634999999999998,
      "p90": 33.86
    },
    "sampling_runs": {
      "min": 678.0,
      "max": 851.0,
      "avg": 759.0,
      "median": 752.5,
      "p90": 826.0
    },
    "answer_length_chars": {
      "min": 18.0,
      "max": 262.0,
      "avg": 128.0,
      "median": 108.5,
      "p90": 204.0
    },
    "memory_usage_mb": {
      "min": 1551.81640625,
      "max": 1552.53515625,
      "avg": 1552.16796875,
      "median": 1552.15234375,
      "p90": 1552.50390625
    },
    "memory_avg_mb": {
      "min": 1452.4620845734128,
      "max": 1502.1047257133152,
      "avg": 1489.2342457903203,
      "median": 1491.6093329547612,
      "p90": 1500.9662449048913
    },
    "memory_min_mb": {
      "min": 0.0078125,
      "max": 0.01171875,
      "avg": 0.009765625,
      "median": 0.009765625,
      "p90": 0.01171875
    },
    "memory_max_mb": {
      "min": 1551.81640625,
      "max": 1552.53515625,
      "avg": 1552.16796875,
      "median": 1552.15234375,
      "p90": 1552.50390625
    },
    "graphs_reused": {
      "min": 120.0,
      "max": 253.0,
      "avg": 193.9,
      "median": 191.5,
      "p90": 252.0
    },
    "exact_match": {
      "min": 0.0,
      "max": 0.0,
      "avg": 0.0,
      "median": 0.0,
      "p90": 0.0
    },
    "f1": {
      "min": 0.23255813953488375,
      "max": 0.8235294117647058,
      "avg": 0.5061255987619591,
      "median": 0.4952380952380952,
      "p90": 0.7333333333333334
    }
  },
  "per_question": [
    {
      "id": 1,
      "total_time_ms": 12556.86,
      "load_time_ms": 8199.73,
      "prompt_eval_time_ms": 7232.9,
      "prompt_eval_tokens": 598,
      "eval_time_ms": 4307.99,
      "eval_tokens": 146,
      "sampling_time_ms": 14.51,
      "sampling_runs": 745,
      "total_tokens": 744,
      "throughput_tokens_per_sec": 59.250481410161456,
      "memory_usage_mb": 1552.50390625,
      "memory_avg_mb": 1452.4620845734128,
      "memory_min_mb": 0.01171875,
      "memory_max_mb": 1552.50390625,
      "answer_length_chars": 59,
      "graphs_reused": 145,
      "exact_match": 0,
      "f1": 0.7333333333333334,
      "carbon_emissions_kg": null
    },
    {
      "id": 2,
      "total_time_ms": 12506.04,
      "load_time_ms": 8652.37,
      "prompt_eval_time_ms": 8092.77,
      "prompt_eval_tokens": 597,
      "eval_time_ms": 3809.45,
      "eval_tokens": 121,
      "sampling_time_ms": 13.15,
      "sampling_runs": 719,
      "total_tokens": 718,
      "throughput_tokens_per_sec": 57.41225839674269,
      "memory_usage_mb": 1552.53515625,
      "memory_avg_mb": 1482.3050285218253,
      "memory_min_mb": 0.0078125,
      "memory_max_mb": 1552.53515625,
      "answer_length_chars": 18,
      "graphs_reused": 120,
      "exact_match": 0,
      "f1": 0.5333333333333333,
      "carbon_emissions_kg": null
    },
    {
      "id": 3,
      "total_time_ms": 14860.46,
      "load_time_ms": 9191.68,
      "prompt_eval_time_ms": 8617.62,
      "prompt_eval_tokens": 612,
      "eval_time_ms": 5605.18,
      "eval_tokens": 170,
      "sampling_time_ms": 20.07,
      "sampling_runs": 783,
      "total_tokens": 782,
      "throughput_tokens_per_sec": 52.622866317731756,
      "memory_usage_mb": 1552.0390625,
      "memory_avg_mb": 1492.0494442114093,
      "memory_min_mb": 0.0078125,
      "memory_max_mb": 1552.0390625,
      "answer_length_chars": 110,
      "graphs_reused": 168,
      "exact_match": 0,
      "f1": 0.625,
      "carbon_emissions_kg": null
    },
    {
      "id": 4,
      "total_time_ms": 17585.53,
      "load_time_ms": 8768.45,
      "prompt_eval_time_ms": 8176.47,
      "prompt_eval_tokens": 570,
      "eval_time_ms": 8715.23,
      "eval_tokens": 255,
      "sampling_time_ms": 32.7,
      "sampling_runs": 826,
      "total_tokens": 825,
      "throughput_tokens_per_sec": 46.9135704184065,
      "memory_usage_mb": 1552.1875,
      "memory_avg_mb": 1499.2333540482955,
      "memory_min_mb": 0.01171875,
      "memory_max_mb": 1552.1875,
      "answer_length_chars": 262,
      "graphs_reused": 253,
      "exact_match": 0,
      "f1": 0.36065573770491804,
      "carbon_emissions_kg": null
    },
    {
      "id": 5,
      "total_time_ms": 18416.64,
      "load_time_ms": 9315.08,
      "prompt_eval_time_ms": 8711.21,
      "prompt_eval_tokens": 596,
      "eval_time_ms": 8998.51,
      "eval_tokens": 254,
      "sampling_time_ms": 33.86,
      "sampling_runs": 851,
      "total_tokens": 850,
      "throughput_tokens_per_sec": 46.15391298304142,
      "memory_usage_mb": 1552.1796875,
      "memory_avg_mb": 1500.9662449048913,
      "memory_min_mb": 0.0078125,
      "memory_max_mb": 1552.1796875,
      "answer_length_chars": 204,
      "graphs_reused": 252,
      "exact_match": 0,
      "f1": 0.5818181818181819,
      "carbon_emissions_kg": null
    },
    {
      "id": 6,
      "total_time_ms": 14926.5,
      "load_time_ms": 8373.96,
      "prompt_eval_time_ms": 7752.11,
      "prompt_eval_tokens": 523,
      "eval_time_ms": 6474.22,
      "eval_tokens": 182,
      "sampling_time_ms": 25.82,
      "sampling_runs": 706,
      "total_tokens": 705,
      "throughput_tokens_per_sec": 47.23143402673098,
      "memory_usage_mb": 1552.0859375,
      "memory_avg_mb": 1488.1604427083332,
      "memory_min_mb": 0.0078125,
      "memory_max_mb": 1552.0859375,
      "answer_length_chars": 107,
      "graphs_reused": 181,
      "exact_match": 0,
      "f1": 0.3225806451612903,
      "carbon_emissions_kg": null
    },
    {
      "id": 7,
      "total_time_ms": 18812.47,
      "load_time_ms": 9502.41,
      "prompt_eval_time_ms": 8820.57,
      "prompt_eval_tokens": 505,
      "eval_time_ms": 9204.66,
      "eval_tokens": 254,
      "sampling_time_ms": 35.46,
      "sampling_runs": 760,
      "total_tokens": 759,
      "throughput_tokens_per_sec": 40.34557928863142,
      "memory_usage_mb": 1551.81640625,
      "memory_avg_mb": 1500.5922539893618,
      "memory_min_mb": 0.0078125,
      "memory_max_mb": 1551.81640625,
      "answer_length_chars": 180,
      "graphs_reused": 252,
      "exact_match": 0,
      "f1": 0.391304347826087,
      "carbon_emissions_kg": null
    },
    {
      "id": 8,
      "total_time_ms": 15863.71,
      "load_time_ms": 8305.85,