{
  "question_count": 10,
  "metrics": {
    "total_time_ms": {
      "min": 20241.86,
      "max": 26270.21,
      "avg": 22537.613,
      "median": 22484.864999999998,
      "p90": 24505.32
    },
    "load_time_ms": {
      "min": 18294.37,
      "max": 21159.54,
      "avg": 19638.181,
      "median": 19331.1,
      "p90": 20952.32
    },
    "prompt_eval_time_ms": {
      "min": 17528.74,
      "max": 20429.67,
      "avg": 18917.119,
      "median": 18617.91,
      "p90": 20208.86
    },
    "prompt_eval_tokens": {
      "min": 504.0,
      "max": 589.0,
      "avg": 549.9,
      "median": 564.0,
      "p90": 583.0
    },
    "prompt_tokens_per_sec": {
      "min": 28.03633811931812,
      "max": 31.754846029988382,
      "avg": 29.073089325920098,
      "median": 28.73252155165202,
      "p90": 29.836355522438172
    },
    "eval_time_ms": {
      "min": 1625.88,
      "max": 5319.42,
      "avg": 2874.7709999999997,
      "median": 2265.925,
      "p90": 5041.27
    },
    "eval_tokens": {
      "min": 21.0,
      "max": 66.0,
      "avg": 36.8,
      "median": 29.5,
      "p90": 64.0
    },
    "eval_tokens_per_sec": {
      "min": 12.407367720540961,
      "max": 14.188049458489445,
      "avg": 12.94148166716621,
      "median": 12.674039790095293,
      "p90": 13.60691043368508
    },
    "total_tokens": {
      "min": 534.0,
      "max": 644.0,
      "avg": 586.7,
      "median": 603.5,
      "p90": 616.0
    },
    "throughput_tokens_per_sec": {
      "min": 24.51445953420243,
      "max": 29.208876616036346,
      "avg": 26.08608814058264,
      "median": 25.69723317286103,
      "p90": 27.339650936986125
    },
    "sampling_time_ms": {
      "min": 5.32,
      "max": 17.0,
      "avg": 9.186,
      "median": 7.225,
      "p90": 15.58
    },
    "sampling_runs": {
      "min": 535.0,
      "max": 645.0,
      "avg": 587.7,
      "median": 604.5,
      "p90": 617.0
    },
    "answer_length_chars": {
      "min": 43.0,
      "max": 293.0,
      "avg": 133.4,
      "median": 91.5,
      "p90": 234.0
    },
    "memory_usage_mb": {
      "min": 2726.08203125,
      "max": 2726.86328125,
      "avg": 2726.5421875,
      "median": 2726.591796875,
      "p90": 2726.8046875
    },
    "memory_avg_mb": {
      "min": 2607.7772277227723,
      "max": 2632.599527059387,
      "avg": 2619.4096570983834,
      "median": 2619.0795456060387,
      "p90": 2629.42443647541
    },
    "memory_min_mb": {
      "min": 0.0078125,
      "max": 0.01171875,
      "avg": 0.00859375,
      "median": 0.0078125,
      "p90": 0.01171875
    },
    "memory_max_mb": {
      "min": 2726.08203125,
      "max": 2726.86328125,
      "avg": 2726.5421875,
      "median": 2726.591796875,
      "p90": 2726.8046875
    },
    "graphs_reused": {
      "min": 21.0,
      "max": 65.0,
      "avg": 35.7,
      "median": 28.5,
      "p90": 63.0
    },
    "exact_match": {
      "min": 0.0,
      "max": 0.0,
      "avg": 0.0,
      "median": 0.0,
      "p90": 0.0
    },
    "f1": {
      "min": 0.4090909090909091,
      "max": 0.8333333333333333,
      "avg": 0.5810474479457237,
      "median": 0.5527272727272727,
      "p90": 0.7826086956521738
    }
  },
  "per_question": [
    {
      "id": 1,
      "total_time_ms": 20815.59,
      "load_time_ms": 18896.21,
      "prompt_eval_time_ms": 18296.42,
      "prompt_eval_tokens": 581,
      "eval_time_ms": 1903.01,
      "eval_tokens": 27,
      "sampling_time_ms": 5.75,
      "sampling_runs": 609,
      "total_tokens": 608,
      "throughput_tokens_per_sec": 29.208876616036346,
      "memory_usage_mb": 2726.35546875,
      "memory_avg_mb": 2625.97720410628,
      "memory_min_mb": 0.0078125,
      "memory_max_mb": 2726.35546875,
      "answer_length_chars": 94,
      "graphs_reused": 26,
      "exact_match": 0,
      "f1": 0.8333333333333333,
      "carbon_emissions_kg": null
    },
    {
      "id": 2,
      "total_time_ms": 22385.07,
      "load_time_ms": 20235.79,
      "prompt_eval_time_ms": 19539.92,
      "prompt_eval_tokens": 583,
      "eval_time_ms": 2131.27,
      "eval_tokens": 29,
      "sampling_time_ms": 6.63,
      "sampling_runs": 613,
      "total_tokens": 612,
      "throughput_tokens_per_sec": 27.339650936986125,
      "memory_usage_mb": 2726.8046875,
      "memory_avg_mb": 2620.2648192264573,
      "memory_min_mb": 0.0078125,
      "memory_max_mb": 2726.8046875,
      "answer_length_chars": 57,
      "graphs_reused": 28,
      "exact_match": 0,
      "f1": 0.56,
      "carbon_emissions_kg": null
    },
    {
      "id": 3,
      "total_time_ms": 22688.93,
      "load_time_ms": 20952.32,
      "prompt_eval_time_ms": 20208.86,
      "prompt_eval_tokens": 589,
      "eval_time_ms": 1721.58,
      "eval_tokens": 23,
      "sampling_time_ms": 5.32,
      "sampling_runs": 613,
      "total_tokens": 612,
      "throughput_tokens_per_sec": 26.973506463284078,
      "memory_usage_mb": 2726.57421875,
      "memory_avg_mb": 2617.8942719856195,
      "memory_min_mb": 0.01171875,
      "memory_max_mb": 2726.57421875,
      "answer_length_chars": 88,
      "graphs_reused": 22,
      "exact_match": 0,
      "f1": 0.5806451612903225,
      "carbon_emissions_kg": null
    },
    {
      "id": 4,
      "total_time_ms": 24505.32,
      "load_time_ms": 19422.11,
      "prompt_eval_time_ms": 18724.13,
      "prompt_eval_tokens": 552,
      "eval_time_ms": 5041.27,
      "eval_tokens": 64,
      "sampling_time_ms": 15.58,
      "sampling_runs": 617,
      "total_tokens": 616,
      "throughput_tokens_per_sec": 25.13739873627441,
      "memory_usage_mb": 2726.86328125,
      "memory_avg_mb": 2629.42443647541,
      "memory_min_mb": 0.0078125,
      "memory_max_mb": 2726.86328125,
      "answer_length_chars": 226,
      "graphs_reused": 63,
      "exact_match": 0,
      "f1": 0.5454545454545455,
      "carbon_emissions_kg": null
    },
    {
      "id": 5,
      "total_time_ms": 26270.21,
      "load_time_ms": 20906.69,
      "prompt_eval_time_ms": 20148.19,
      "prompt_eval_tokens": 578,
      "eval_time_ms": 5319.42,
      "eval_tokens": 66,
      "sampling_time_ms": 17.0,
      "sampling_runs": 645,
      "total_tokens": 644,
      "throughput_tokens_per_sec": 24.51445953420243,
      "memory_usage_mb": 2726.609375,
      "memory_avg_mb": 2632.599527059387,
      "memory_min_mb": 0.01171875,
      "memory_max_mb": 2726.609375,
      "answer_length_chars": 293,
      "graphs_reused": 65,
      "exact_match": 0,
      "f1": 0.5294117647058824,
      "carbon_emissions_kg": null
    },
    {
      "id": 6,
      "total_time_ms": 20241.86,
      "load_time_ms": 18600.58,
      "prompt_eval_time_ms": 17866.93,
      "prompt_eval_tokens": 513,
      "eval_time_ms": 1625.88,
      "eval_tokens": 21,
      "sampling_time_ms": 5.55,
      "sampling_runs": 535,
      "total_tokens": 534,
      "throughput_tokens_per_sec": 26.380974870886373,
      "memory_usage_mb": 2726.6328125,
      "memory_avg_mb": 2607.7772277227723,
      "memory_min_mb": 0.0078125,
      "memory_max_mb": 2726.6328125,
      "answer_length_chars": 43,
      "graphs_reused": 21,
      "exact_match": 0,
      "f1": 0.5,
      "carbon_emissions_kg": null
    },
    {
      "id": 7,
      "total_time_ms": 22584.66,
      "load_time_ms": 18294.37,
      "prompt_eval_time_ms": 17528.74,
      "prompt_eval_tokens": 504,
      "eval_time_ms": 4253.55,
      "eval_tokens": 53,
      "sampling_time_ms": 14.44,
      "sampling_runs": 558,
      "total_tokens": 557,
      "throughput_tokens_per_sec": 24.662757818802675,
      "memory_usage_mb": 2726.4453125,
      "memory_avg_mb": 2615.3396180555555,
      "memory_min_mb": 0.0078125,
      "memory_max_mb": 2726.4453125,
      "answer_length_chars": 234,
      "graphs_reused": 51,
      "exact_match": 0,
      "f1": 0.6153846153846154,
      "carbon_emissions_kg": null
    },
    {
      "id": 8,
      "total_time_ms": 21228.74,
      "load_time_ms": 18674.11,
      "prompt_eval_time_ms": 17916.64,
      "prompt_eval_tokens": 504,