{
  "question_count": 10,
  "metrics": {
    "total_time_ms": {
      "min": 6575.89,
      "max": 8276.69,
      "avg": 7425.608,
      "median": 7497.025,
      "p90": 7932.66
    },
    "load_time_ms": {
      "min": 5999.74,
      "max": 6821.4,
      "avg": 6261.0650000000005,
      "median": 6205.73,
      "p90": 6465.78
    },
    "prompt_eval_time_ms": {
      "min": 4686.49,
      "max": 5702.11,
      "avg": 5093.101000000001,
      "median": 5007.5599999999995,
      "p90": 5381.75
    },
    "prompt_eval_tokens": {
      "min": 519.0,
      "max": 582.0,
      "avg": 555.0,
      "median": 565.0,
      "p90": 581.0
    },
    "prompt_tokens_per_sec": {
      "min": 100.83986454137154,
      "max": 124.18675810681341,
      "avg": 109.19269466255784,
      "median": 106.91664344148688,
      "p90": 116.66549532635214
    },
    "eval_time_ms": {
      "min": 391.38,
      "max": 1796.69,
      "avg": 1154.783,
      "median": 1266.13,
      "p90": 1776.0
    },
    "eval_tokens": {
      "min": 9.0,
      "max": 40.0,
      "avg": 26.0,
      "median": 28.5,
      "p90": 40.0
    },
    "eval_tokens_per_sec": {
      "min": 22.055580061755624,
      "max": 23.46769740474876,
      "avg": 22.533755536549382,
      "median": 22.39284211271588,
      "p90": 22.995554192856048
    },
    "total_tokens": {
      "min": 535.0,
      "max": 618.0,
      "avg": 581.0,
      "median": 590.0,
      "p90": 616.0
    },
    "throughput_tokens_per_sec": {
      "min": 73.39684607079992,
      "max": 88.53249142435273,
      "avg": 78.46837811653597,
      "median": 77.62925569773479,
      "p90": 84.15419488558773
    },
    "sampling_time_ms": {
      "min": 0.91,
      "max": 3.72,
      "avg": 2.402,
      "median": 2.385,
      "p90": 3.61
    },
    "sampling_runs": {
      "min": 536.0,
      "max": 619.0,
      "avg": 582.0,
      "median": 591.0,
      "p90": 617.0
    },
    "answer_length_chars": {
      "min": 5.0,
      "max": 169.0,
      "avg": 92.5,
      "median": 100.5,
      "p90": 160.0
    },
    "memory_usage_mb": {
      "min": 3652.01171875,
      "max": 3652.671875,
      "avg": 3652.32421875,
      "median": 3652.3359375,
      "p90": 3652.40625
    },
    "memory_avg_mb": {
      "min": 3092.571132330247,
      "max": 3358.9844680059523,
      "avg": 3267.270232699336,
      "median": 3276.6839461580084,
      "p90": 3322.953800154321
    },
    "memory_min_mb": {
      "min": 0.0078125,
      "max": 0.01171875,
      "avg": 0.008984375,
      "median": 0.0078125,
      "p90": 0.01171875
    },
    "memory_max_mb": {
      "min": 3652.01171875,
      "max": 3652.671875,
      "avg": 3652.32421875,
      "median": 3652.3359375,
      "p90": 3652.40625
    },
    "graphs_reused": {
      "min": 8.0,
      "max": 39.0,
      "avg": 25.0,
      "median": 27.5,
      "p90": 39.0
    },
    "exact_match": {
      "min": 0.0,
      "max": 0.0,
      "avg": 0.0,
      "median": 0.0,
      "p90": 0.0
    },
    "f1": {
      "min": 0.2222222222222222,
      "max": 0.7499999999999999,
      "avg": 0.5268923507009157,
      "median": 0.5190697674418605,
      "p90": 0.72
    },
    "carbon_emissions_kg": {
      "min": 3.4497159782737254e-07,
      "max": 4.2655679400579836e-07,
      "avg": 3.878589949404762e-07,
      "median": 3.9105506446033636e-07,
      "p90": 4.1150168668942767e-07
    }
  },
  "per_question": [
    {
      "id": 1,
      "total_time_ms": 7862.38,
      "load_time_ms": 6401.37,
      "prompt_eval_time_ms": 4686.49,
      "prompt_eval_tokens": 582,
      "eval_time_ms": 1448.8,
      "eval_tokens": 34,
      "sampling_time_ms": 2.65,
      "sampling_runs": 617,
      "total_tokens": 616,
      "throughput_tokens_per_sec": 78.34777764493703,
      "memory_usage_mb": 3652.01171875,
      "memory_avg_mb": 3092.571132330247,
      "memory_min_mb": 0.0078125,
      "memory_max_mb": 3652.01171875,
      "answer_length_chars": 146,
      "graphs_reused": 33,
      "exact_match": 0,
      "f1": 0.6829268292682926,
      "carbon_emissions_kg": 4.1005353876218176e-07
    },
    {
      "id": 2,
      "total_time_ms": 7212.95,
      "load_time_ms": 6068.62,
      "prompt_eval_time_ms": 4980.05,
      "prompt_eval_tokens": 581,
      "eval_time_ms": 1135.33,
      "eval_tokens": 26,
      "sampling_time_ms": 2.12,
      "sampling_runs": 608,
      "total_tokens": 607,
      "throughput_tokens_per_sec": 84.15419488558773,
      "memory_usage_mb": 3652.35546875,
      "memory_avg_mb": 3294.1378272804054,
      "memory_min_mb": 0.0078125,
      "memory_max_mb": 3652.35546875,
      "answer_length_chars": 57,
      "graphs_reused": 25,
      "exact_match": 0,
      "f1": 0.56,
      "carbon_emissions_kg": 3.754427901609551e-07
    },
    {
      "id": 3,
      "total_time_ms": 6664.22,
      "load_time_ms": 6269.09,
      "prompt_eval_time_ms": 5179.46,
      "prompt_eval_tokens": 581,
      "eval_time_ms": 391.38,
      "eval_tokens": 9,
      "sampling_time_ms": 0.91,
      "sampling_runs": 591,
      "total_tokens": 590,
      "throughput_tokens_per_sec": 88.53249142435273,
      "memory_usage_mb": 3652.671875,
      "memory_avg_mb": 3246.0906929347825,
      "memory_min_mb": 0.0078125,
      "memory_max_mb": 3652.671875,
      "answer_length_chars": 5,
      "graphs_reused": 8,
      "exact_match": 0,
      "f1": 0.2222222222222222,
      "carbon_emissions_kg": 3.5099285581256207e-07
    },
    {
      "id": 4,
      "total_time_ms": 7932.66,
      "load_time_ms": 6142.37,
      "prompt_eval_time_ms": 5035.07,
      "prompt_eval_tokens": 555,
      "eval_time_ms": 1776.0,
      "eval_tokens": 40,
      "sampling_time_ms": 3.61,
      "sampling_runs": 596,
      "total_tokens": 595,
      "throughput_tokens_per_sec": 75.00636608653339,
      "memory_usage_mb": 3652.21484375,
      "memory_avg_mb": 3322.953800154321,
      "memory_min_mb": 0.0078125,
      "memory_max_mb": 3652.21484375,
      "answer_length_chars": 144,
      "graphs_reused": 39,
      "exact_match": 0,
      "f1": 0.72,
      "carbon_emissions_kg": 4.1150168668942767e-07
    },
    {
      "id": 5,
      "total_time_ms": 8276.69,
      "load_time_ms": 6465.78,
      "prompt_eval_time_ms": 5381.75,
      "prompt_eval_tokens": 578,
      "eval_time_ms": 1796.69,
      "eval_tokens": 40,
      "sampling_time_ms": 3.72,
      "sampling_runs": 619,
      "total_tokens": 618,
      "throughput_tokens_per_sec": 74.66753013583933,
      "memory_usage_mb": 3652.375,
      "memory_avg_mb": 3358.9844680059523,
      "memory_min_mb": 0.01171875,
      "memory_max_mb": 3652.375,
      "answer_length_chars": 169,
      "graphs_reused": 39,
      "exact_match": 0,
      "f1": 0.48000000000000004,
      "carbon_emissions_kg": 4.2655679400579836e-07
    },
    {
      "id": 6,
      "total_time_ms": 6575.89,
      "load_time_ms": 6041.52,
      "prompt_eval_time_ms": 4919.21,
      "prompt_eval_tokens": 523,
      "eval_time_ms": 529.42,
      "eval_tokens": 12,
      "sampling_time_ms": 1.2,
      "sampling_runs": 536,
      "total_tokens": 535,
      "throughput_tokens_per_sec": 81.35780860081297,
      "memory_usage_mb": 3652.3046875,
      "memory_avg_mb": 3247.2966452205883,
      "memory_min_mb": 0.0078125,
      "memory_max_mb": 3652.3046875,
      "answer_length_chars": 22,
      "graphs_reused": 11,
      "exact_match": 0,
      "f1": 0.47619047619047616,
      "carbon_emissions_kg": 3.4497159782737254e-07
    },
    {
      "id": 7,
      "total_time_ms": 7500.54,
      "load_time_ms": 5999.74,
      "prompt_eval_time_ms": 4885.69,
      "prompt_eval_tokens": 520,
      "eval_time_ms": 1488.2,
      "eval_tokens": 33,
      "sampling_time_ms": 3.18,
      "sampling_runs": 554,
      "total_tokens": 553,
      "throughput_tokens_per_sec": 73.72802491553942,
      "memory_usage_mb": 3652.38671875,
      "memory_avg_mb": 3293.8251318993507,
      "memory_min_mb": 0.0078125,
      "memory_max_mb": 3652.38671875,
      "answer_length_chars": 160,