{
  "question_count": 10,
  "metrics": {
    "total_time_ms": {
      "min": 960.0,
      "max": 2573.18,
      "avg": 2350.116,
      "median": 2490.92,
      "p90": 2555.3
    },
    "load_time_ms": {
      "min": 771.86,
      "max": 844.74,
      "avg": 811.405,
      "median": 812.5550000000001,
      "p90": 834.41
    },
    "prompt_eval_time_ms": {
      "min": 275.29,
      "max": 351.16,
      "avg": 309.651,
      "median": 303.14,
      "p90": 341.68
    },
    "prompt_eval_tokens": {
      "min": 504.0,
      "max": 589.0,
      "avg": 549.9,
      "median": 564.0,
      "p90": 583.0
    },
    "prompt_tokens_per_sec": {
      "min": 1645.9733454835402,
      "max": 1903.6113106510809,
      "avg": 1779.873491663086,
      "median": 1763.2690550425546,
      "p90": 1865.9995943479144
    },
    "eval_time_ms": {
      "min": 118.83,
      "max": 1658.74,
      "avg": 1452.767,
      "median": 1595.06,
      "p90": 1624.99
    },
    "eval_tokens": {
      "min": 19.0,
      "max": 255.0,
      "avg": 231.4,
      "median": 255.0,
      "p90": 255.0
    },
    "eval_tokens_per_sec": {
      "min": 153.73114532717605,
      "max": 163.92915688984604,
      "avg": 159.39164801511285,
      "median": 159.6929532379428,
      "p90": 163.55589763324997
    },
    "total_tokens": {
      "min": 538.0,
      "max": 844.0,
      "avg": 781.3,
      "median": 819.0,
      "p90": 838.0
    },
    "throughput_tokens_per_sec": {
      "min": 304.16696722691097,
      "max": 560.4166666666667,
      "avg": 346.5605436612812,
      "median": 324.4679123647089,
      "p90": 344.3146987040948
    },
    "sampling_time_ms": {
      "min": 2.52,
      "max": 35.6,
      "avg": 29.817,
      "median": 32.5,
      "p90": 34.09
    },
    "sampling_runs": {
      "min": 539.0,
      "max": 845.0,
      "avg": 782.3,
      "median": 820.0,
      "p90": 839.0
    },
    "answer_length_chars": {
      "min": 1742.0,
      "max": 2485.0,
      "avg": 2217.2,
      "median": 2161.5,
      "p90": 2485.0
    },
    "memory_usage_mb": {
      "min": 376.5859375,
      "max": 377.02734375,
      "avg": 376.849609375,
      "median": 376.875,
      "p90": 377.02734375
    },
    "memory_avg_mb": {
      "min": 166.9794921875,
      "max": 308.0105613425926,
      "avg": 279.89487620669263,
      "median": 290.8498832258598,
      "p90": 297.8826678240741
    },
    "memory_min_mb": {
      "min": 0.0078125,
      "max": 0.01171875,
      "avg": 0.00859375,
      "median": 0.0078125,
      "p90": 0.01171875
    },
    "memory_max_mb": {
      "min": 376.5859375,
      "max": 377.02734375,
      "avg": 376.849609375,
      "median": 376.875,
      "p90": 377.02734375
    },
    "graphs_reused": {
      "min": 18.0,
      "max": 255.0,
      "avg": 229.7,
      "median": 253.0,
      "p90": 253.0
    },
    "exact_match": {
      "min": 0.0,
      "max": 0.0,
      "avg": 0.0,
      "median": 0.0,
      "p90": 0.0
    },
    "f1": {
      "min": 0.04294478527607362,
      "max": 0.1288515406162465,
      "avg": 0.08482654060927272,
      "median": 0.08596713021491784,
      "p90": 0.11275964391691394
    },
    "carbon_emissions_kg": {
      "min": 6.08174216397929e-08,
      "max": 1.422786797789624e-07,
      "avg": 1.2949036151483448e-07,
      "median": 1.371455834045243e-07,
      "p90": 1.3731765275138238e-07
    }
  },
  "per_question": [
    {
      "id": 1,
      "total_time_ms": 2481.26,
      "load_time_ms": 834.41,
      "prompt_eval_time_ms": 325.31,
      "prompt_eval_tokens": 581,
      "eval_time_ms": 1559.1,
      "eval_tokens": 255,
      "sampling_time_ms": 30.97,
      "sampling_runs": 837,
      "total_tokens": 836,
      "throughput_tokens_per_sec": 336.9255942545319,
      "memory_usage_mb": 377.02734375,
      "memory_avg_mb": 285.11964699074076,
      "memory_min_mb": 0.01171875,
      "memory_max_mb": 377.02734375,
      "answer_length_chars": 2479,
      "graphs_reused": 253,
      "exact_match": 0,
      "f1": 0.10495626822157435,
      "carbon_emissions_kg": 1.371171075235944e-07
    },
    {
      "id": 2,
      "total_time_ms": 2433.82,
      "load_time_ms": 785.33,
      "prompt_eval_time_ms": 306.26,
      "prompt_eval_tokens": 583,
      "eval_time_ms": 1555.55,
      "eval_tokens": 255,
      "sampling_time_ms": 31.98,
      "sampling_runs": 839,
      "total_tokens": 838,
      "throughput_tokens_per_sec": 344.3146987040948,
      "memory_usage_mb": 376.83984375,
      "memory_avg_mb": 294.6437800480769,
      "memory_min_mb": 0.0078125,
      "memory_max_mb": 376.83984375,
      "answer_length_chars": 2125,
      "graphs_reused": 253,
      "exact_match": 0,
      "f1": 0.04848484848484849,
      "carbon_emissions_kg": 1.317998644868836e-07
    },
    {
      "id": 3,
      "total_time_ms": 2493.39,
      "load_time_ms": 815.34,
      "prompt_eval_time_ms": 341.68,
      "prompt_eval_tokens": 589,
      "eval_time_ms": 1586.7,
      "eval_tokens": 255,
      "sampling_time_ms": 31.73,
      "sampling_runs": 845,
      "total_tokens": 844,
      "throughput_tokens_per_sec": 338.49498072904765,
      "memory_usage_mb": 376.9765625,
      "memory_avg_mb": 297.005931712963,
      "memory_min_mb": 0.0078125,
      "memory_max_mb": 376.9765625,
      "answer_length_chars": 2241,
      "graphs_reused": 253,
      "exact_match": 0,
      "f1": 0.07669616519174041,
      "carbon_emissions_kg": 1.3691909718737744e-07
    },
    {
      "id": 4,
      "total_time_ms": 2539.84,
      "load_time_ms": 829.83,
      "prompt_eval_time_ms": 295.82,
      "prompt_eval_tokens": 552,
      "eval_time_ms": 1617.68,
      "eval_tokens": 255,
      "sampling_time_ms": 32.3,
      "sampling_runs": 808,
      "total_tokens": 807,
      "throughput_tokens_per_sec": 317.7365503338793,
      "memory_usage_mb": 377.02734375,
      "memory_avg_mb": 297.8826678240741,
      "memory_min_mb": 0.0078125,
      "memory_max_mb": 377.02734375,
      "answer_length_chars": 2485,
      "graphs_reused": 253,
      "exact_match": 0,
      "f1": 0.11275964391691394,
      "carbon_emissions_kg": 1.3721131750758702e-07
    },
    {
      "id": 5,
      "total_time_ms": 2555.3,
      "load_time_ms": 844.74,
      "prompt_eval_time_ms": 351.16,
      "prompt_eval_tokens": 578,
      "eval_time_ms": 1615.96,
      "eval_tokens": 255,
      "sampling_time_ms": 32.7,
      "sampling_runs": 834,
      "total_tokens": 833,
      "throughput_tokens_per_sec": 325.9891206511955,
      "memory_usage_mb": 376.83984375,
      "memory_avg_mb": 287.90708705357144,
      "memory_min_mb": 0.0078125,
      "memory_max_mb": 376.83984375,
      "answer_length_chars": 2485,
      "graphs_reused": 253,
      "exact_match": 0,
      "f1": 0.1288515406162465,
      "carbon_emissions_kg": 1.422786797789624e-07
    },
    {
      "id": 6,
      "total_time_ms": 2480.58,
      "load_time_ms": 795.21,
      "prompt_eval_time_ms": 275.29,
      "prompt_eval_tokens": 513,
      "eval_time_ms": 1591.31,
      "eval_tokens": 255,
      "sampling_time_ms": 32.83,
      "sampling_runs": 769,
      "total_tokens": 768,
      "throughput_tokens_per_sec": 309.60501173112743,
      "memory_usage_mb": 376.91015625,
      "memory_avg_mb": 283.296875,
      "memory_min_mb": 0.01171875,
      "memory_max_mb": 376.91015625,
      "answer_length_chars": 2142,
      "graphs_reused": 255,
      "exact_match": 0,
      "f1": 0.07384615384615384,
      "carbon_emissions_kg": 1.3731765275138238e-07
    },
    {
      "id": 7,
      "total_time_ms": 2488.45,
      "load_time_ms": 795.0,
      "prompt_eval_time_ms": 293.05,
      "prompt_eval_tokens": 504,
      "eval_time_ms": 1598.81,
      "eval_tokens": 255,
      "sampling_time_ms": 33.45,
      "sampling_runs": 760,
      "total_tokens": 759,
      "throughput_tokens_per_sec": 305.00914223713556,
      "memory_usage_mb": 376.72265625,
      "memory_avg_mb": 284.31004050925924,
      "memory_min_mb": 0.0078125,
      "memory_max_mb": 376.72265625,