{
  "question_count": 10,
  "metrics": {
    "total_time_ms": {
      "min": 2552.73,
      "max": 3381.52,
      "avg": 3010.9790000000003,
      "median": 3022.075,
      "p90": 3279.31
    },
    "load_time_ms": {
      "min": 2361.81,
      "max": 2670.79,
      "avg": 2469.587,
      "median": 2439.3450000000003,
      "p90": 2590.98
    },
    "prompt_eval_time_ms": {
      "min": 1680.18,
      "max": 1998.02,
      "avg": 1784.973,
      "median": 1766.965,
      "p90": 1876.49
    },
    "prompt_eval_tokens": {
      "min": 519.0,
      "max": 582.0,
      "avg": 555.0,
      "median": 565.0,
      "p90": 581.0
    },
    "prompt_tokens_per_sec": {
      "min": 287.7849070579874,
      "max": 346.3914580580652,
      "avg": 311.3789315492785,
      "median": 307.91504870440883,
      "p90": 326.01986420515124
    },
    "eval_time_ms": {
      "min": 142.22,
      "max": 893.99,
      "avg": 531.512,
      "median": 533.22,
      "p90": 869.03
    },
    "eval_tokens": {
      "min": 8.0,
      "max": 49.0,
      "avg": 29.6,
      "median": 30.5,
      "p90": 49.0
    },
    "eval_tokens_per_sec": {
      "min": 54.02922981332901,
      "max": 58.99224963892675,
      "avg": 55.809204939026905,
      "median": 55.55320850743847,
      "p90": 57.24826664970421
    },
    "total_tokens": {
      "min": 555.0,
      "max": 624.0,
      "avg": 584.6,
      "median": 589.5,
      "p90": 611.0
    },
    "throughput_tokens_per_sec": {
      "min": 173.96727947583568,
      "max": 230.7333717236057,
      "avg": 195.51342545748238,
      "median": 190.79551997320502,
      "p90": 224.03985631070913
    },
    "sampling_time_ms": {
      "min": 0.79,
      "max": 3.97,
      "avg": 2.406,
      "median": 2.38,
      "p90": 3.81
    },
    "sampling_runs": {
      "min": 556.0,
      "max": 625.0,
      "avg": 585.6,
      "median": 590.5,
      "p90": 612.0
    },
    "answer_length_chars": {
      "min": 4.0,
      "max": 221.0,
      "avg": 106.4,
      "median": 90.0,
      "p90": 201.0
    },
    "memory_usage_mb": {
      "min": 1431.26171875,
      "max": 1431.62890625,
      "avg": 1431.420703125,
      "median": 1431.396484375,
      "p90": 1431.5625
    },
    "memory_avg_mb": {
      "min": 1100.9709990530303,
      "max": 1197.83125,
      "avg": 1146.712043245266,
      "median": 1145.6617867606028,
      "p90": 1169.4214527027027
    },
    "memory_min_mb": {
      "min": 0.0078125,
      "max": 0.01171875,
      "avg": 0.008984375,
      "median": 0.0078125,
      "p90": 0.01171875
    },
    "memory_max_mb": {
      "min": 1431.26171875,
      "max": 1431.62890625,
      "avg": 1431.420703125,
      "median": 1431.396484375,
      "p90": 1431.5625
    },
    "graphs_reused": {
      "min": 7.0,
      "max": 48.0,
      "avg": 28.6,
      "median": 29.5,
      "p90": 48.0
    },
    "exact_match": {
      "min": 0.0,
      "max": 0.0,
      "avg": 0.0,
      "median": 0.0,
      "p90": 0.0
    },
    "f1": {
      "min": 0.2222222222222222,
      "max": 0.8333333333333333,
      "avg": 0.48260458357156466,
      "median": 0.4760522496371553,
      "p90": 0.7499999999999999
    }
  },
  "per_question": [
    {
      "id": 1,
      "total_time_ms": 3091.12,
      "load_time_ms": 2590.98,
      "prompt_eval_time_ms": 1680.18,
      "prompt_eval_tokens": 582,
      "eval_time_ms": 491.59,
      "eval_tokens": 29,
      "sampling_time_ms": 2.1,
      "sampling_runs": 612,
      "total_tokens": 611,
      "throughput_tokens_per_sec": 197.66298299645436,
      "memory_usage_mb": 1431.62890625,
      "memory_avg_mb": 1100.9709990530303,
      "memory_min_mb": 0.0078125,
      "memory_max_mb": 1431.62890625,
      "answer_length_chars": 94,
      "graphs_reused": 28,
      "exact_match": 0,
      "f1": 0.8333333333333333,
      "carbon_emissions_kg": null
    },
    {
      "id": 2,
      "total_time_ms": 2552.73,
      "load_time_ms": 2406.61,
      "prompt_eval_time_ms": 1782.1,
      "prompt_eval_tokens": 581,
      "eval_time_ms": 142.22,
      "eval_tokens": 8,
      "sampling_time_ms": 0.79,
      "sampling_runs": 590,
      "total_tokens": 589,
      "throughput_tokens_per_sec": 230.7333717236057,
      "memory_usage_mb": 1431.26171875,
      "memory_avg_mb": 1147.915736607143,
      "memory_min_mb": 0.0078125,
      "memory_max_mb": 1431.26171875,
      "answer_length_chars": 4,
      "graphs_reused": 7,
      "exact_match": 0,
      "f1": 0.33333333333333337,
      "carbon_emissions_kg": null
    },
    {
      "id": 3,
      "total_time_ms": 2633.46,
      "load_time_ms": 2472.08,
      "prompt_eval_time_ms": 1826.78,
      "prompt_eval_tokens": 581,
      "eval_time_ms": 157.21,
      "eval_tokens": 9,
      "sampling_time_ms": 0.83,
      "sampling_runs": 591,
      "total_tokens": 590,
      "throughput_tokens_per_sec": 224.03985631070913,
      "memory_usage_mb": 1431.51171875,
      "memory_avg_mb": 1117.6223060344828,
      "memory_min_mb": 0.01171875,
      "memory_max_mb": 1431.51171875,
      "answer_length_chars": 5,
      "graphs_reused": 8,
      "exact_match": 0,
      "f1": 0.2222222222222222,
      "carbon_emissions_kg": null
    },
    {
      "id": 4,
      "total_time_ms": 3279.31,
      "load_time_ms": 2394.98,
      "prompt_eval_time_ms": 1751.83,
      "prompt_eval_tokens": 555,
      "eval_time_ms": 869.03,
      "eval_tokens": 49,
      "sampling_time_ms": 3.81,
      "sampling_runs": 605,
      "total_tokens": 604,
      "throughput_tokens_per_sec": 184.18508771662334,
      "memory_usage_mb": 1431.3046875,
      "memory_avg_mb": 1197.83125,
      "memory_min_mb": 0.0078125,
      "memory_max_mb": 1431.3046875,
      "answer_length_chars": 186,
      "graphs_reused": 48,
      "exact_match": 0,
      "f1": 0.49056603773584906,
      "carbon_emissions_kg": null
    },
    {
      "id": 5,
      "total_time_ms": 3381.52,
      "load_time_ms": 2537.69,
      "prompt_eval_time_ms": 1876.49,
      "prompt_eval_tokens": 578,
      "eval_time_ms": 829.73,
      "eval_tokens": 46,
      "sampling_time_ms": 3.65,
      "sampling_runs": 625,
      "total_tokens": 624,
      "throughput_tokens_per_sec": 184.5323996309352,
      "memory_usage_mb": 1431.2890625,
      "memory_avg_mb": 1169.4214527027027,
      "memory_min_mb": 0.0078125,
      "memory_max_mb": 1431.2890625,
      "answer_length_chars": 201,
      "graphs_reused": 45,
      "exact_match": 0,
      "f1": 0.509090909090909,
      "carbon_emissions_kg": null
    },
    {
      "id": 6,
      "total_time_ms": 2950.44,
      "load_time_ms": 2364.22,
      "prompt_eval_time_ms": 1699.11,
      "prompt_eval_tokens": 523,
      "eval_time_ms": 574.85,
      "eval_tokens": 32,
      "sampling_time_ms": 2.66,
      "sampling_runs": 556,
      "total_tokens": 555,
      "throughput_tokens_per_sec": 188.10753650303005,
      "memory_usage_mb": 1431.34375,
      "memory_avg_mb": 1143.4078369140625,
      "memory_min_mb": 0.0078125,
      "memory_max_mb": 1431.34375,
      "answer_length_chars": 86,
      "graphs_reused": 31,
      "exact_match": 0,
      "f1": 0.3125,
      "carbon_emissions_kg": null
    },
    {
      "id": 7,
      "total_time_ms": 3270.73,
      "load_time_ms": 2361.81,
      "prompt_eval_time_ms": 1694.73,
      "prompt_eval_tokens": 520,
      "eval_time_ms": 893.99,
      "eval_tokens": 49,
      "sampling_time_ms": 3.97,
      "sampling_runs": 570,
      "total_tokens": 569,
      "throughput_tokens_per_sec": 173.96727947583568,
      "memory_usage_mb": 1431.5625,
      "memory_avg_mb": 1163.0091145833333,
      "memory_min_mb": 0.0078125,
      "memory_max_mb": 1431.5625,
      "answer_length_chars": 221,
      "graphs_reused": 48,
      "exact_match": 0,
      "f1": 0.46153846153846156,
      "carbon_emissions_kg": null
    },
    {
      "id": 8,
      "total_time_ms": 3123.82,
      "load_time_ms": 2400.32,
      "prompt_eval_time_ms": 1728.1,
      "prompt_eval_tokens": 519,
      "eval_time_ms": 710.48,
      "eval_tokens": 39,