{
  "question_count": 10,
  "metrics": {
    "total_time_ms": {
      "min": 7322.43,
      "max": 8844.0,
      "avg": 8145.158,
      "median": 8089.705,
      "p90": 8463.93
    },
    "load_time_ms": {
      "min": 3833.01,
      "max": 4599.36,
      "avg": 4128.967,
      "median": 4072.19,
      "p90": 4434.27
    },
    "prompt_eval_time_ms": {
      "min": 3283.1,
      "max": 4209.42,
      "avg": 3743.38,
      "median": 3708.81,
      "p90": 4089.64
    },
    "prompt_eval_tokens": {
      "min": 504.0,
      "max": 612.0,
      "avg": 562.5,
      "median": 580.5,
      "p90": 598.0
    },
    "prompt_tokens_per_sec": {
      "min": 140.39938993970665,
      "max": 182.1449240047516,
      "avg": 150.72449617529173,
      "median": 147.0481529352644,
      "p90": 162.0767543383359
    },
    "eval_time_ms": {
      "min": 3407.25,
      "max": 4169.98,
      "avg": 3923.673,
      "median": 3990.105,
      "p90": 4146.13
    },
    "eval_tokens": {
      "min": 255.0,
      "max": 255.0,
      "avg": 255.0,
      "median": 255.0,
      "p90": 255.0
    },
    "eval_tokens_per_sec": {
      "min": 61.15137242864475,
      "max": 74.84041382346467,
      "avg": 65.20676679270193,
      "median": 63.90853393721649,
      "p90": 68.95675194769022
    },
    "total_tokens": {
      "min": 759.0,
      "max": 867.0,
      "avg": 817.5,
      "median": 835.5,
      "p90": 853.0
    },
    "throughput_tokens_per_sec": {
      "min": 93.5278489906985,
      "max": 116.49138332493447,
      "avg": 100.59493244666045,
      "median": 98.6268521397262,
      "p90": 109.01595189991005
    },
    "sampling_time_ms": {
      "min": 23.79,
      "max": 29.72,
      "avg": 27.191000000000003,
      "median": 27.560000000000002,
      "p90": 28.78
    },
    "sampling_runs": {
      "min": 760.0,
      "max": 868.0,
      "avg": 818.5,
      "median": 836.5,
      "p90": 854.0
    },
    "answer_length_chars": {
      "min": 820.0,
      "max": 1073.0,
      "avg": 917.5,
      "median": 914.0,
      "p90": 1019.0
    },
    "memory_usage_mb": {
      "min": 492.76171875,
      "max": 493.828125,
      "avg": 493.440234375,
      "median": 493.564453125,
      "p90": 493.71484375
    },
    "memory_avg_mb": {
      "min": 458.2637246621622,
      "max": 463.7080305232558,
      "avg": 461.0389943992888,
      "median": 460.6438013423103,
      "p90": 463.4932444852941
    },
    "memory_min_mb": {
      "min": 0.0078125,
      "max": 0.01171875,
      "avg": 0.008203125,
      "median": 0.0078125,
      "p90": 0.0078125
    },
    "memory_max_mb": {
      "min": 492.76171875,
      "max": 493.828125,
      "avg": 493.440234375,
      "median": 493.564453125,
      "p90": 493.71484375
    },
    "graphs_reused": {
      "min": 253.0,
      "max": 253.0,
      "avg": 253.0,
      "median": 253.0,
      "p90": 253.0
    },
    "exact_match": {
      "min": 0.0,
      "max": 0.0,
      "avg": 0.0,
      "median": 0.0,
      "p90": 0.0
    },
    "f1": {
      "min": 0.0983606557377049,
      "max": 0.3006535947712418,
      "avg": 0.17777992881003402,
      "median": 0.1883208361735969,
      "p90": 0.2269503546099291
    }
  },
  "per_question": [
    {
      "id": 1,
      "total_time_ms": 7322.43,
      "load_time_ms": 3833.01,
      "prompt_eval_time_ms": 3283.1,
      "prompt_eval_tokens": 598,
      "eval_time_ms": 3407.25,
      "eval_tokens": 255,
      "sampling_time_ms": 23.79,
      "sampling_runs": 854,
      "total_tokens": 853,
      "throughput_tokens_per_sec": 116.49138332493447,
      "memory_usage_mb": 493.67578125,
      "memory_avg_mb": 458.2637246621622,
      "memory_min_mb": 0.0078125,
      "memory_max_mb": 493.67578125,
      "answer_length_chars": 904,
      "graphs_reused": 253,
      "exact_match": 0,
      "f1": 0.2269503546099291,
      "carbon_emissions_kg": null
    },
    {
      "id": 2,
      "total_time_ms": 7815.37,
      "load_time_ms": 4029.88,
      "prompt_eval_time_ms": 3683.44,
      "prompt_eval_tokens": 597,
      "eval_time_ms": 3697.97,
      "eval_tokens": 255,
      "sampling_time_ms": 24.85,
      "sampling_runs": 853,
      "total_tokens": 852,
      "throughput_tokens_per_sec": 109.01595189991005,
      "memory_usage_mb": 493.828125,
      "memory_avg_mb": 461.85673828125,
      "memory_min_mb": 0.0078125,
      "memory_max_mb": 493.828125,
      "answer_length_chars": 820,
      "graphs_reused": 253,
      "exact_match": 0,
      "f1": 0.0983606557377049,
      "carbon_emissions_kg": null
    },
    {
      "id": 3,
      "total_time_ms": 8375.08,
      "load_time_ms": 4434.27,
      "prompt_eval_time_ms": 4089.64,
      "prompt_eval_tokens": 612,
      "eval_time_ms": 3850.32,
      "eval_tokens": 255,
      "sampling_time_ms": 26.13,
      "sampling_runs": 868,
      "total_tokens": 867,
      "throughput_tokens_per_sec": 103.52139919857481,
      "memory_usage_mb": 493.35546875,
      "memory_avg_mb": 463.4932444852941,
      "memory_min_mb": 0.0078125,
      "memory_max_mb": 493.35546875,
      "answer_length_chars": 822,
      "graphs_reused": 253,
      "exact_match": 0,
      "f1": 0.1925925925925926,
      "carbon_emissions_kg": null
    },
    {
      "id": 4,
      "total_time_ms": 8132.94,
      "load_time_ms": 4152.64,
      "prompt_eval_time_ms": 3789.0,
      "prompt_eval_tokens": 570,
      "eval_time_ms": 3888.22,
      "eval_tokens": 255,
      "sampling_time_ms": 26.63,
      "sampling_runs": 826,
      "total_tokens": 825,
      "throughput_tokens_per_sec": 101.43933190211658,
      "memory_usage_mb": 493.56640625,
      "memory_avg_mb": 462.5016001506024,
      "memory_min_mb": 0.0078125,
      "memory_max_mb": 493.56640625,
      "answer_length_chars": 915,
      "graphs_reused": 253,
      "exact_match": 0,
      "f1": 0.21518987341772153,
      "carbon_emissions_kg": null
    },
    {
      "id": 5,
      "total_time_ms": 8463.93,
      "load_time_ms": 4391.27,
      "prompt_eval_time_ms": 4037.24,
      "prompt_eval_tokens": 596,
      "eval_time_ms": 3979.62,
      "eval_tokens": 255,
      "sampling_time_ms": 27.35,
      "sampling_runs": 852,
      "total_tokens": 851,
      "throughput_tokens_per_sec": 100.54430979462259,
      "memory_usage_mb": 493.71484375,
      "memory_avg_mb": 463.7080305232558,
      "memory_min_mb": 0.0078125,
      "memory_max_mb": 493.71484375,
      "answer_length_chars": 914,
      "graphs_reused": 253,
      "exact_match": 0,
      "f1": 0.3006535947712418,
      "carbon_emissions_kg": null
    },
    {
      "id": 6,
      "total_time_ms": 8044.72,
      "load_time_ms": 3951.45,
      "prompt_eval_time_ms": 3570.68,
      "prompt_eval_tokens": 523,
      "eval_time_ms": 4000.59,
      "eval_tokens": 255,
      "sampling_time_ms": 27.77,
      "sampling_runs": 779,
      "total_tokens": 778,
      "throughput_tokens_per_sec": 96.7093944848298,
      "memory_usage_mb": 493.37890625,
      "memory_avg_mb": 458.567168445122,
      "memory_min_mb": 0.0078125,
      "memory_max_mb": 493.37890625,
      "answer_length_chars": 934,
      "graphs_reused": 253,
      "exact_match": 0,
      "f1": 0.13513513513513511,
      "carbon_emissions_kg": null
    },
    {
      "id": 7,
      "total_time_ms": 8024.11,
      "load_time_ms": 3917.81,
      "prompt_eval_time_ms": 3546.25,
      "prompt_eval_tokens": 505,
      "eval_time_ms": 4012.39,
      "eval_tokens": 255,
      "sampling_time_ms": 28.21,
      "sampling_runs": 761,
      "total_tokens": 760,
      "throughput_tokens_per_sec": 94.71455401284379,
      "memory_usage_mb": 492.76171875,
      "memory_avg_mb": 460.5709794207317,
      "memory_min_mb": 0.01171875,
      "memory_max_mb": 492.76171875,
      "answer_length_chars": 1019,
      "graphs_reused": 253,
      "exact_match": 0,
      "f1": 0.18404907975460125,
      "carbon_emissions_kg": null
    },
    {
      "id": 8,
      "total_time_ms": 8046.47,
      "load_time_ms": 3865.48,
      "prompt_eval_time_ms": 3490.85,