{
  "question_count": 10,
  "metrics": {
    "total_time_ms": {
      "min": 6719.86,
      "max": 7746.87,
      "avg": 7163.606999999999,
      "median": 7108.495,
      "p90": 7456.83
    },
    "load_time_ms": {
      "min": 3314.94,
      "max": 3923.48,
      "avg": 3586.5260000000003,
      "median": 3568.27,
      "p90": 3828.79
    },
    "prompt_eval_time_ms": {
      "min": 3007.26,
      "max": 3607.07,
      "avg": 3250.631,
      "median": 3236.9849999999997,
      "p90": 3513.66
    },
    "prompt_eval_tokens": {
      "min": 504.0,
      "max": 612.0,
      "avg": 562.5,
      "median": 580.5,
      "p90": 598.0
    },
    "prompt_tokens_per_sec": {
      "min": 163.8448935008192,
      "max": 198.83359822313253,
      "avg": 173.22739683414363,
      "median": 169.87573598455532,
      "p90": 182.56936565555247
    },
    "eval_time_ms": {
      "min": 3079.22,
      "max": 3734.03,
      "avg": 3491.504,
      "median": 3546.8,
      "p90": 3676.52
    },
    "eval_tokens": {
      "min": 255.0,
      "max": 255.0,
      "avg": 255.0,
      "median": 255.0,
      "p90": 255.0
    },
    "eval_tokens_per_sec": {
      "min": 68.29082787229882,
      "max": 82.813179961159,
      "avg": 73.26146915756726,
      "median": 71.89601664122421,
      "p90": 78.14511087412203
    },
    "total_tokens": {
      "min": 759.0,
      "max": 867.0,
      "avg": 817.5,
      "median": 835.5,
      "p90": 853.0
    },
    "throughput_tokens_per_sec": {
      "min": 107.69437873805266,
      "max": 126.93716833386411,
      "avg": 114.24205607099216,
      "median": 112.15226955034866,
      "p90": 123.20257279363281
    },
    "sampling_time_ms": {
      "min": 21.1,
      "max": 25.3,
      "avg": 24.147,
      "median": 24.59,
      "p90": 25.14
    },
    "sampling_runs": {
      "min": 760.0,
      "max": 868.0,
      "avg": 818.5,
      "median": 836.5,
      "p90": 854.0
    },
    "answer_length_chars": {
      "min": 820.0,
      "max": 1073.0,
      "avg": 917.5,
      "median": 914.0,
      "p90": 1019.0
    },
    "memory_usage_mb": {
      "min": 492.6640625,
      "max": 493.8046875,
      "avg": 493.433203125,
      "median": 493.517578125,
      "p90": 493.69921875
    },
    "memory_avg_mb": {
      "min": 447.0389492753623,
      "max": 467.06214943910254,
      "avg": 461.19467855958203,
      "median": 462.2726951242819,
      "p90": 466.14141680743245
    },
    "memory_min_mb": {
      "min": 0.0078125,
      "max": 0.01171875,
      "avg": 0.008203125,
      "median": 0.0078125,
      "p90": 0.0078125
    },
    "memory_max_mb": {
      "min": 492.6640625,
      "max": 493.8046875,
      "avg": 493.433203125,
      "median": 493.517578125,
      "p90": 493.69921875
    },
    "graphs_reused": {
      "min": 253.0,
      "max": 253.0,
      "avg": 253.0,
      "median": 253.0,
      "p90": 253.0
    },
    "exact_match": {
      "min": 0.0,
      "max": 0.0,
      "avg": 0.0,
      "median": 0.0,
      "p90": 0.0
    },
    "f1": {
      "min": 0.0983606557377049,
      "max": 0.3006535947712418,
      "avg": 0.17777992881003402,
      "median": 0.1883208361735969,
      "p90": 0.2269503546099291
    },
    "carbon_emissions_kg": {
      "min": 3.4993862624530737e-07,
      "max": 3.9662384074183015e-07,
      "avg": 3.6949089010469254e-07,
      "median": 3.6779728530179074e-07,
      "p90": 3.8555336061485663e-07
    }
  },
  "per_question": [
    {
      "id": 1,
      "total_time_ms": 6719.86,
      "load_time_ms": 3564.6,
      "prompt_eval_time_ms": 3007.54,
      "prompt_eval_tokens": 598,
      "eval_time_ms": 3079.22,
      "eval_tokens": 255,
      "sampling_time_ms": 21.1,
      "sampling_runs": 854,
      "total_tokens": 853,
      "throughput_tokens_per_sec": 126.93716833386411,
      "memory_usage_mb": 493.5234375,
      "memory_avg_mb": 447.0389492753623,
      "memory_min_mb": 0.0078125,
      "memory_max_mb": 493.5234375,
      "answer_length_chars": 904,
      "graphs_reused": 253,
      "exact_match": 0,
      "f1": 0.2269503546099291,
      "carbon_emissions_kg": 3.4993862624530737e-07
    },
    {
      "id": 2,
      "total_time_ms": 6915.44,
      "load_time_ms": 3571.94,
      "prompt_eval_time_ms": 3269.99,
      "prompt_eval_tokens": 597,
      "eval_time_ms": 3263.16,
      "eval_tokens": 255,
      "sampling_time_ms": 23.13,
      "sampling_runs": 853,
      "total_tokens": 852,
      "throughput_tokens_per_sec": 123.20257279363281,
      "memory_usage_mb": 493.68359375,
      "memory_avg_mb": 464.9984933035714,
      "memory_min_mb": 0.0078125,
      "memory_max_mb": 493.68359375,
      "answer_length_chars": 820,
      "graphs_reused": 253,
      "exact_match": 0,
      "f1": 0.0983606557377049,
      "carbon_emissions_kg": 3.551670810222045e-07
    },
    {
      "id": 3,
      "total_time_ms": 7274.33,
      "load_time_ms": 3796.97,
      "prompt_eval_time_ms": 3485.16,
      "prompt_eval_tokens": 612,
      "eval_time_ms": 3391.97,
      "eval_tokens": 255,
      "sampling_time_ms": 24.06,
      "sampling_runs": 868,
      "total_tokens": 867,
      "throughput_tokens_per_sec": 119.18623433360874,
      "memory_usage_mb": 493.5078125,
      "memory_avg_mb": 459.81408361486484,
      "memory_min_mb": 0.0078125,
      "memory_max_mb": 493.5078125,
      "answer_length_chars": 822,
      "graphs_reused": 253,
      "exact_match": 0,
      "f1": 0.1925925925925926,
      "carbon_emissions_kg": 3.75469354562386e-07
    },
    {
      "id": 4,
      "total_time_ms": 7155.88,
      "load_time_ms": 3606.0,
      "prompt_eval_time_ms": 3294.77,
      "prompt_eval_tokens": 570,
      "eval_time_ms": 3464.65,
      "eval_tokens": 255,
      "sampling_time_ms": 24.16,
      "sampling_runs": 826,
      "total_tokens": 825,
      "throughput_tokens_per_sec": 115.28980363002175,
      "memory_usage_mb": 493.43359375,
      "memory_avg_mb": 459.2381207191781,
      "memory_min_mb": 0.01171875,
      "memory_max_mb": 493.43359375,
      "answer_length_chars": 915,
      "graphs_reused": 253,
      "exact_match": 0,
      "f1": 0.21518987341772153,
      "carbon_emissions_kg": 3.702681232684345e-07
    },
    {
      "id": 5,
      "total_time_ms": 7456.83,
      "load_time_ms": 3828.79,
      "prompt_eval_time_ms": 3513.66,
      "prompt_eval_tokens": 596,
      "eval_time_ms": 3540.55,
      "eval_tokens": 255,
      "sampling_time_ms": 24.63,
      "sampling_runs": 852,
      "total_tokens": 851,
      "throughput_tokens_per_sec": 114.12356188889918,
      "memory_usage_mb": 493.578125,
      "memory_avg_mb": 460.57498972039474,
      "memory_min_mb": 0.0078125,
      "memory_max_mb": 493.578125,
      "answer_length_chars": 914,
      "graphs_reused": 253,
      "exact_match": 0,
      "f1": 0.3006535947712418,
      "carbon_emissions_kg": 3.8555336061485663e-07
    },
    {
      "id": 6,
      "total_time_ms": 7061.11,
      "load_time_ms": 3384.27,
      "prompt_eval_time_ms": 3074.16,
      "prompt_eval_tokens": 523,
      "eval_time_ms": 3588.51,
      "eval_tokens": 255,
      "sampling_time_ms": 24.55,
      "sampling_runs": 779,
      "total_tokens": 778,
      "throughput_tokens_per_sec": 110.18097721179815,
      "memory_usage_mb": 493.69921875,
      "memory_avg_mb": 459.0768771701389,
      "memory_min_mb": 0.0078125,
      "memory_max_mb": 493.69921875,
      "answer_length_chars": 934,
      "graphs_reused": 253,
      "exact_match": 0,
      "f1": 0.13513513513513511,
      "carbon_emissions_kg": 3.6532644733514693e-07
    },
    {
      "id": 7,
      "total_time_ms": 6999.84,
      "load_time_ms": 3359.51,
      "prompt_eval_time_ms": 3042.72,
      "prompt_eval_tokens": 505,
      "eval_time_ms": 3553.05,
      "eval_tokens": 255,
      "sampling_time_ms": 24.63,
      "sampling_runs": 761,
      "total_tokens": 760,
      "throughput_tokens_per_sec": 108.57391026080596,
      "memory_usage_mb": 492.92578125,
      "memory_avg_mb": 463.970400528169,
      "memory_min_mb": 0.0078125,