{
  "question_count": 10,
  "metrics": {
    "total_time_ms": {
      "min": 6930.27,
      "max": 8748.2,
      "avg": 7705.3240000000005,
      "median": 7782.715,
      "p90": 8248.03
    },
    "load_time_ms": {
      "min": 5820.95,
      "max": 7241.64,
      "avg": 6513.6720000000005,
      "median": 6473.42,
      "p90": 6871.33
    },
    "prompt_eval_time_ms": {
      "min": 4735.04,
      "max": 6035.72,
      "avg": 5355.981,
      "median": 5301.105,
      "p90": 5699.88
    },
    "prompt_eval_tokens": {
      "min": 519.0,
      "max": 582.0,
      "avg": 555.0,
      "median": 565.0,
      "p90": 581.0
    },
    "prompt_tokens_per_sec": {
      "min": 95.26618199651408,
      "max": 122.91342839764818,
      "avg": 103.99431534069386,
      "median": 101.03910691851141,
      "p90": 112.53605124361053
    },
    "eval_time_ms": {
      "min": 394.71,
      "max": 1861.79,
      "avg": 1181.683,
      "median": 1290.08,
      "p90": 1806.45
    },
    "eval_tokens": {
      "min": 9.0,
      "max": 40.0,
      "avg": 26.0,
      "median": 28.5,
      "p90": 40.0
    },
    "eval_tokens_per_sec": {
      "min": 21.070153074662088,
      "max": 23.18255580859391,
      "avg": 22.043732528247435,
      "median": 21.92149073416609,
      "p90": 22.822432695768192
    },
    "total_tokens": {
      "min": 535.0,
      "max": 618.0,
      "avg": 581.0,
      "median": 590.0,
      "p90": 616.0
    },
    "throughput_tokens_per_sec": {
      "min": 68.99328758033013,
      "max": 85.12615262974884,
      "avg": 75.71348213469646,
      "median": 73.27961417133312,
      "p90": 84.38055630895337
    },
    "sampling_time_ms": {
      "min": 0.92,
      "max": 3.98,
      "avg": 2.582,
      "median": 2.565,
      "p90": 3.73
    },
    "sampling_runs": {
      "min": 536.0,
      "max": 619.0,
      "avg": 582.0,
      "median": 591.0,
      "p90": 617.0
    },
    "answer_length_chars": {
      "min": 5.0,
      "max": 169.0,
      "avg": 92.5,
      "median": 100.5,
      "p90": 160.0
    },
    "memory_usage_mb": {
      "min": 3651.99609375,
      "max": 3652.40625,
      "avg": 3652.179296875,
      "median": 3652.197265625,
      "p90": 3652.3203125
    },
    "memory_avg_mb": {
      "min": 3233.7843967013887,
      "max": 3316.810980902778,
      "avg": 3275.610778366078,
      "median": 3284.6106135670734,
      "p90": 3300.8047916666665
    },
    "memory_min_mb": {
      "min": 0.0078125,
      "max": 0.01171875,
      "avg": 0.008203125,
      "median": 0.0078125,
      "p90": 0.0078125
    },
    "memory_max_mb": {
      "min": 3651.99609375,
      "max": 3652.40625,
      "avg": 3652.179296875,
      "median": 3652.197265625,
      "p90": 3652.3203125
    },
    "graphs_reused": {
      "min": 8.0,
      "max": 39.0,
      "avg": 25.0,
      "median": 27.5,
      "p90": 39.0
    },
    "exact_match": {
      "min": 0.0,
      "max": 0.0,
      "avg": 0.0,
      "median": 0.0,
      "p90": 0.0
    },
    "f1": {
      "min": 0.2222222222222222,
      "max": 0.7499999999999999,
      "avg": 0.5268923507009157,
      "median": 0.5190697674418605,
      "p90": 0.72
    }
  },
  "per_question": [
    {
      "id": 1,
      "total_time_ms": 7300.26,
      "load_time_ms": 5820.95,
      "prompt_eval_time_ms": 4735.04,
      "prompt_eval_tokens": 582,
      "eval_time_ms": 1466.62,
      "eval_tokens": 34,
      "sampling_time_ms": 2.84,
      "sampling_runs": 617,
      "total_tokens": 616,
      "throughput_tokens_per_sec": 84.38055630895337,
      "memory_usage_mb": 3652.25,
      "memory_avg_mb": 3300.8047916666665,
      "memory_min_mb": 0.0078125,
      "memory_max_mb": 3652.25,
      "answer_length_chars": 146,
      "graphs_reused": 33,
      "exact_match": 0,
      "f1": 0.6829268292682926,
      "carbon_emissions_kg": null
    },
    {
      "id": 2,
      "total_time_ms": 7415.14,
      "load_time_ms": 6266.93,
      "prompt_eval_time_ms": 5162.79,
      "prompt_eval_tokens": 581,
      "eval_time_ms": 1139.23,
      "eval_tokens": 26,
      "sampling_time_ms": 2.25,
      "sampling_runs": 608,
      "total_tokens": 607,
      "throughput_tokens_per_sec": 81.85954681907556,
      "memory_usage_mb": 3652.3203125,
      "memory_avg_mb": 3261.0862926136365,
      "memory_min_mb": 0.0078125,
      "memory_max_mb": 3652.3203125,
      "answer_length_chars": 57,
      "graphs_reused": 25,
      "exact_match": 0,
      "f1": 0.56,
      "carbon_emissions_kg": null
    },
    {
      "id": 3,
      "total_time_ms": 6930.89,
      "load_time_ms": 6532.15,
      "prompt_eval_time_ms": 5414.76,
      "prompt_eval_tokens": 581,
      "eval_time_ms": 394.71,
      "eval_tokens": 9,
      "sampling_time_ms": 0.92,
      "sampling_runs": 591,
      "total_tokens": 590,
      "throughput_tokens_per_sec": 85.12615262974884,
      "memory_usage_mb": 3652.27734375,
      "memory_avg_mb": 3240.6696506076387,
      "memory_min_mb": 0.0078125,
      "memory_max_mb": 3652.27734375,
      "answer_length_chars": 5,
      "graphs_reused": 8,
      "exact_match": 0,
      "f1": 0.2222222222222222,
      "carbon_emissions_kg": null
    },
    {
      "id": 4,
      "total_time_ms": 8248.03,
      "load_time_ms": 6427.53,
      "prompt_eval_time_ms": 5289.41,
      "prompt_eval_tokens": 555,
      "eval_time_ms": 1806.45,
      "eval_tokens": 40,
      "sampling_time_ms": 3.73,
      "sampling_runs": 596,
      "total_tokens": 595,
      "throughput_tokens_per_sec": 72.13843790577872,
      "memory_usage_mb": 3652.40625,
      "memory_avg_mb": 3299.21953125,
      "memory_min_mb": 0.0078125,
      "memory_max_mb": 3652.40625,
      "answer_length_chars": 144,
      "graphs_reused": 39,
      "exact_match": 0,
      "f1": 0.72,
      "carbon_emissions_kg": null
    },
    {
      "id": 5,
      "total_time_ms": 8748.2,
      "load_time_ms": 6871.33,
      "prompt_eval_time_ms": 5699.88,
      "prompt_eval_tokens": 578,
      "eval_time_ms": 1861.79,
      "eval_tokens": 40,
      "sampling_time_ms": 3.98,
      "sampling_runs": 619,
      "total_tokens": 618,
      "throughput_tokens_per_sec": 70.64310372419469,
      "memory_usage_mb": 3652.0,
      "memory_avg_mb": 3316.810980902778,
      "memory_min_mb": 0.01171875,
      "memory_max_mb": 3652.0,
      "answer_length_chars": 169,
      "graphs_reused": 39,
      "exact_match": 0,
      "f1": 0.48000000000000004,
      "carbon_emissions_kg": null
    },
    {
      "id": 6,
      "total_time_ms": 6930.27,
      "load_time_ms": 6382.99,
      "prompt_eval_time_ms": 5211.32,
      "prompt_eval_tokens": 523,
      "eval_time_ms": 541.89,
      "eval_tokens": 12,
      "sampling_time_ms": 1.33,
      "sampling_runs": 536,
      "total_tokens": 535,
      "throughput_tokens_per_sec": 77.19756950306409,
      "memory_usage_mb": 3652.03125,
      "memory_avg_mb": 3233.7843967013887,
      "memory_min_mb": 0.0078125,
      "memory_max_mb": 3652.03125,
      "answer_length_chars": 22,
      "graphs_reused": 11,
      "exact_match": 0,
      "f1": 0.47619047619047616,
      "carbon_emissions_kg": null
    },
    {
      "id": 7,
      "total_time_ms": 7873.35,
      "load_time_ms": 6340.31,
      "prompt_eval_time_ms": 5165.26,
      "prompt_eval_tokens": 520,
      "eval_time_ms": 1520.73,
      "eval_tokens": 33,
      "sampling_time_ms": 3.46,
      "sampling_runs": 554,
      "total_tokens": 553,
      "throughput_tokens_per_sec": 70.23693853315298,
      "memory_usage_mb": 3652.1171875,
      "memory_avg_mb": 3288.3652584876545,
      "memory_min_mb": 0.0078125,
      "memory_max_mb": 3652.1171875,
      "answer_length_chars": 160,
      "graphs_reused": 32,
      "exact_match": 0,
      "f1": 0.5581395348837209,
      "carbon_emissions_kg": null
    },
    {
      "id": 8,
      "total_time_ms": 7971.79,
      "load_time_ms": 6519.31,
      "prompt_eval_time_ms": 5312.8,
      "prompt_eval_tokens": 519,
      "eval_time_ms": 1440.93,
      "eval_tokens": 31,
      "sampling_time_ms": 3.32,